checksum,derivedNs.amortizedInitializationPlusOperationsPerOp,derivedNs.remainingPerOperation,external.processWallNs,fixtureBytes,fixtureHash,heapUsedBytes.afterAllOperations,heapUsedBytes.afterFirstOperation,heapUsedBytes.afterFixture,heapUsedBytes.afterInitialization,heapUsedBytes.beforeFixture,javaHome,javaVendor,javaVmName,jvmVersion,library,loadedClassDelta.firstOperation,loadedClassDelta.fixturePreparation,loadedClassDelta.libraryInitialization,loadedClassDelta.remainingOperations,loadedClassesAfter.allOperations,loadedClassesAfter.firstOperation,loadedClassesAfter.fixture,loadedClassesAfter.initialization,operation,operationCount,pid,sample.planIndex,sample.randomizationSeed,sample.repetition,schemaVersion,threadAllocatedBytes.firstOperation,threadAllocatedBytes.fixturePreparation,threadAllocatedBytes.libraryInitialization,threadAllocatedBytes.remainingOperations,threadAllocatedBytes.supported,timingNs.firstOperation,timingNs.fixturePreparation,timingNs.initializationPlusOperations,timingNs.libraryInitialization,timingNs.mainEntryToFixtureStart,timingNs.operationsTotal,timingNs.remainingOperations
2185675431948801,1.30125338E7,300801.55555555556,878753645,2142,-959204706,13928736,12951752,7736064,16353192,5757488,$SDKMAN_DIR/candidates/java/25.0.4-librca,BellSoft,OpenJDK 64-Bit Server VM,25.0.4+9-LTS,fory,522,80,635,58,2213,2155,998,1633,deserialize,10,150734,0,20260812,0,1,5165288,1792272,8435808,38816,true,47620760,12121469,130125338,79797364,18570715,50327974,2707214
-1473038263736110079,236173.33,96049.73737373737,91003490,2142,-959204706,10148624,8359384,7247920,7617552,5186184,$SDKMAN_DIR/candidates/java/25.0.4-librca,BellSoft,OpenJDK 64-Bit Server VM,25.0.4+9-LTS,kotlinx,63,80,16,0,1077,1077,998,1014,deserialize,100,150779,1,20260812,0,1,863600,1791024,280792,850936,true,10738492,13911728,23617333,3369917,19678401,20247416,9508924
-1473038263736110079,594776.51,170178.22222222222,130430024,2142,-959204706,13496288,10242624,7328528,8415560,5246320,$SDKMAN_DIR/candidates/java/25.0.4-librca,BellSoft,OpenJDK 64-Bit Server VM,25.0.4+9-LTS,gson,197,80,197,27,1419,1392,998,1195,deserialize,100,150803,2,20260812,0,1,1831080,1792272,1273568,1934040,true,26430529,12839338,59477651,16199478,20170391,43278173,16847644
2173,3.9806793E7,,106087787,2142,-959204706,10290840,10290840,7328528,8415560,5246320,$SDKMAN_DIR/candidates/java/25.0.4-librca,BellSoft,OpenJDK 64-Bit Server VM,25.0.4+9-LTS,gson,198,80,197,,1393,1393,998,1195,serialize,1,150827,3,20260812,0,1,1854848,1792272,1273568,,true,23919857,12489094,39806793,15886936,19363024,23919857,0
-7711186731443673343,192986.92,62530.56565656565,88994378,2142,-959204706,9080312,8362480,7247920,7617552,5186184,$SDKMAN_DIR/candidates/java/25.0.4-librca,BellSoft,OpenJDK 64-Bit Server VM,25.0.4+9-LTS,kotlinx,69,80,16,0,1083,1083,998,1014,serialize,100,150849,4,20260812,0,1,1037744,1791024,280792,303736,true,10072051,12444150,19298692,3036115,20606277,16262577,6190526
2185675431948801,4421528.5,243395.0,107350046,2142,-959204706,11316176,10242624,7328528,8415560,5246320,$SDKMAN_DIR/candidates/java/25.0.4-librca,BellSoft,OpenJDK 64-Bit Server VM,25.0.4+9-LTS,gson,197,80,197,0,1392,1392,998,1195,deserialize,10,150873,5,20260812,0,1,1831080,1792272,1273568,96696,true,25652326,12294086,44215285,16372404,17895316,27842881,2190555
59341087977409921,1.25652363E7,258187.55555555556,836378902,2142,-959204706,11222208,10484632,7736064,16353192,6115432,$SDKMAN_DIR/candidates/java/25.0.4-librca,BellSoft,OpenJDK 64-Bit Server VM,25.0.4+9-LTS,fory,398,80,635,57,2088,2031,998,1633,serialize,10,150894,6,20260812,0,1,4601224,1792272,8435808,21600,true,46263432,11552773,125652363,77065243,19110997,48587120,2323688
2173,1.14237729E8,,176219678,2142,-959204706,6131288,6131288,7436096,18147352,5568176,$SDKMAN_DIR/candidates/java/25.0.4-librca,BellSoft,OpenJDK 64-Bit Server VM,25.0.4+9-LTS,jackson,282,80,601,,1881,1881,998,1599,serialize,1,150939,7,20260812,0,1,3464160,1792272,10592768,,true,45359812,11166312,114237729,68877917,17840844,45359812,0
81,1.2668215E7,,74654600,2142,-959204706,8359384,8359384,7247920,7617552,5186184,$SDKMAN_DIR/candidates/java/25.0.4-librca,BellSoft,OpenJDK 64-Bit Server VM,25.0.4+9-LTS,kotlinx,63,80,16,,1077,1077,998,1014,deserialize,1,150961,8,20260812,0,1,863600,1791024,280792,,true,9642509,12090671,12668215,3025706,18064137,9642509,0
59341087977409921,1354408.1,164710.66666666666,75812301,2142,-959204706,8722464,8362480,7247920,7617552,5186184,$SDKMAN_DIR/candidates/java/25.0.4-librca,BellSoft,OpenJDK 64-Bit Server VM,25.0.4+9-LTS,kotlinx,69,80,16,0,1083,1083,998,1014,serialize,10,150983,9,20260812,0,1,1037744,1791024,280792,28456,true,9292315,12237389,13544081,2769370,17853578,10774711,1482396
-1473038263736110079,1446572.36,196402.68686868687,890119452,2142,-959204706,7188264,13274864,7736064,16353192,6115432,$SDKMAN_DIR/candidates/java/25.0.4-librca,BellSoft,OpenJDK 64-Bit Server VM,25.0.4+9-LTS,fory,522,80,635,207,2362,2155,998,1633,deserialize,100,151005,10,20260812,0,1,5165288,1792272,8435808,1289192,true,48267774,12589696,144657236,76945596,19969841,67711640,19443866
-7711186731443673343,492248.14,115659.19191919192,113667510,2142,-959204706,13160432,10290840,7328528,8415560,5246320,$SDKMAN_DIR/candidates/java/25.0.4-librca,BellSoft,OpenJDK 64-Bit Server VM,25.0.4+9-LTS,gson,198,80,197,25,1418,1393,998,1195,serialize,100,151051,11,20260812,0,1,1854848,1792272,1273568,1620040,true,22869989,12231758,49224814,14904565,19214161,34320249,11450260
2173,1.25463131E8,,952202484,2142,-959204706,10199224,10199224,7736064,16353192,5757488,$SDKMAN_DIR/candidates/java/25.0.4-librca,BellSoft,OpenJDK 64-Bit Server VM,25.0.4+9-LTS,fory,408,80,635,,2041,2041,998,1633,serialize,1,151075,12,20260812,0,1,4601224,1792272,8435808,,true,45503773,12466632,125463131,79959358,19600534,45503773,0
-7711186731443673343,1523763.63,175599.58585858587,889378687,2142,-959204706,20170160,10247168,7736064,16353192,5757488,$SDKMAN_DIR/candidates/java/25.0.4-librca,BellSoft,OpenJDK 64-Bit Server VM,25.0.4+9-LTS,fory,401,80,635,305,2339,2034,998,1633,serialize,100,151122,13,20260812,0,1,4601224,1792272,8435808,1060432,true,51470064,12774755,152376363,83521940,22434386,68854423,17384359
2185675431948801,1.25367449E7,263075.6666666667,187753620,2142,-959204706,10015504,9657656,7436096,18147360,5568176,$SDKMAN_DIR/candidates/java/25.0.4-librca,BellSoft,OpenJDK 64-Bit Server VM,25.0.4+9-LTS,jackson,400,80,601,0,1999,1999,998,1599,deserialize,10,151168,14,20260812,0,1,6925640,1792272,10591488,66312,true,56697366,11212198,125367449,66302402,17780228,59065047,2367681
-1473038263736110079,1450212.63,170743.0202020202,207666403,2142,-959204706,11245408,9450784,7436096,18028592,5210232,$SDKMAN_DIR/candidates/java/25.0.4-librca,BellSoft,OpenJDK 64-Bit Server VM,25.0.4+9-LTS,jackson,400,80,601,27,2026,1999,998,1599,deserialize,100,151191,15,20260812,0,1,6925640,1792272,10590720,1607552,true,58873124,11244049,145021263,69244580,17389107,75776683,16903559
81,1.39857278E8,,205555668,2142,-959204706,9477280,9477280,7436096,18147352,5210232,$SDKMAN_DIR/candidates/java/25.0.4-librca,BellSoft,OpenJDK 64-Bit Server VM,25.0.4+9-LTS,jackson,400,80,601,,1999,1999,998,1599,deserialize,1,151214,16,20260812,0,1,6925640,1792272,10590592,,true,63787973,12228873,139857278,76069305,18996740,63787973,0
2173,1.3534994E7,,81585704,2142,-959204706,8362480,8362480,7247920,7617552,5186184,$SDKMAN_DIR/candidates/java/25.0.4-librca,BellSoft,OpenJDK 64-Bit Server VM,25.0.4+9-LTS,kotlinx,69,80,16,,1083,1083,998,1014,serialize,1,151237,17,20260812,0,1,1037744,1791024,280792,,true,10420129,13025261,13534994,3114865,21339653,10420129,0
59341087977409921,4065187.1,187059.55555555556,106966376,2142,-959204706,11366520,10290840,7328528,8415560,5604264,$SDKMAN_DIR/candidates/java/25.0.4-librca,BellSoft,OpenJDK 64-Bit Server VM,25.0.4+9-LTS,gson,198,80,197,0,1393,1393,998,1195,serialize,10,151259,18,20260812,0,1,1854848,1792272,1273568,75888,true,23369265,12332519,40651871,15599070,18970170,25052801,1683536
-7711186731443673343,1236552.4,114059.19191919192,186026630,2142,-959204706,7385312,6106760,7436096,18150264,5568176,$SDKMAN_DIR/candidates/java/25.0.4-librca,BellSoft,OpenJDK 64-Bit Server VM,25.0.4+9-LTS,jackson,282,80,601,27,1908,1881,998,1599,serialize,100,151280,19,20260812,0,1,3464160,1792272,10591232,1126056,true,43702765,10994757,123655240,68660615,17872351,54994625,11291860
59341087977409921,1.13522169E7,174926.66666666666,177714700,2142,-959204706,5951944,5951944,7436096,18147352,5210232,$SDKMAN_DIR/candidates/java/25.0.4-librca,BellSoft,OpenJDK 64-Bit Server VM,25.0.4+9-LTS,jackson,282,80,601,2,1883,1881,998,1599,serialize,10,151303,20,20260812,0,1,3464160,1792272,10590784,38536,true,41839487,11985713,113522169,70108342,18772595,43413827,1574340
2185675431948801,1395675.2,202647.88888888888,78189968,2142,-959204706,9075080,8359384,7247920,7617552,5186184,$SDKMAN_DIR/candidates/java/25.0.4-librca,BellSoft,OpenJDK 64-Bit Server VM,25.0.4+9-LTS,kotlinx,63,80,16,0,1077,1077,998,1014,deserialize,10,151326,21,20260812,0,1,863600,1791024,280792,77856,true,9375152,11396226,13956752,2757769,19411023,11198983,1823831
81,3.7889082E7,,103021950,2142,-959204706,10242624,10242624,7328528,8415560,5246320,$SDKMAN_DIR/candidates/java/25.0.4-librca,BellSoft,OpenJDK 64-Bit Server VM,25.0.4+9-LTS,gson,197,80,197,,1392,1392,998,1195,deserialize,1,151359,22,20260812,0,1,1831080,1792272,1273568,,true,23834805,12289427,37889082,14054277,19401696,23834805,0
81,1.28882237E8,,847872112,2142,-959204706,12080224,12080224,7736064,16353192,5757488,$SDKMAN_DIR/candidates/java/25.0.4-librca,BellSoft,OpenJDK 64-Bit Server VM,25.0.4+9-LTS,fory,518,80,635,,2151,2151,998,1633,deserialize,1,151381,23,20260812,0,1,5165288,1792272,8435808,,true,50683072,12572683,128882237,78199165,19291197,50683072,0
-7711186731443673343,502361.67,115647.34343434343,114449415,2142,-959204706,13160432,10290840,7328528,8415560,5604264,$SDKMAN_DIR/candidates/java/25.0.4-librca,BellSoft,OpenJDK 64-Bit Server VM,25.0.4+9-LTS,gson,198,80,197,25,1418,1393,998,1195,serialize,100,151427,24,20260812,1,1,1854848,1792272,1273568,1620208,true,23085937,12170781,50236167,15701143,18724325,34535024,11449087
-7711186731443673343,1441937.54,170102.71717171717,837862162,2142,-959204706,19457552,10031480,7736064,16353192,5757488,$SDKMAN_DIR/candidates/java/25.0.4-librca,BellSoft,OpenJDK 64-Bit Server VM,25.0.4+9-LTS,fory,391,80,635,316,2340,2024,998,1633,serialize,100,151451,25,20260812,1,1,4601360,1792272,8435808,1060304,true,46945631,12929709,144193754,80407954,20005708,63785800,16840169
2173,1.14653349E8,,179379016,2142,-959204706,6106800,6106800,7436096,18150264,5568176,$SDKMAN_DIR/candidates/java/25.0.4-librca,BellSoft,OpenJDK 64-Bit Server VM,25.0.4+9-LTS,jackson,282,80,601,,1881,1881,998,1599,serialize,1,151497,26,20260812,1,1,3464160,1792272,10591296,,true,44567318,11221366,114653349,70086031,17400448,44567318,0
-7711186731443673343,1352267.51,153283.29292929292,203149529,2142,-959204706,7732952,6129264,7436096,18147328,5568176,$SDKMAN_DIR/candidates/java/25.0.4-librca,BellSoft,OpenJDK 64-Bit Server VM,25.0.4+9-LTS,jackson,282,80,601,27,1908,1881,998,1599,serialize,100,151520,27,20260812,1,1,3464160,1792272,10590016,1126056,true,47345025,12250262,135226751,72706680,19741569,62520071,15175046
2185675431948801,1.17218333E7,256300.44444444444,844225165,2142,-959204706,15875896,13604000,7736064,16353192,5757488,$SDKMAN_DIR/candidates/java/25.0.4-librca,BellSoft,OpenJDK 64-Bit Server VM,25.0.4+9-LTS,fory,543,80,635,67,2243,2176,998,1633,deserialize,10,151543,28,20260812,1,1,5165288,1792272,8435808,38816,true,45443428,10997601,117218333,69468201,18119970,47750132,2306704
-1473038263736110079,600101.41,169729.1616161616,126413493,2142,-959204706,13138440,10242624,7328528,8415560,5246320,$SDKMAN_DIR/candidates/java/25.0.4-librca,BellSoft,OpenJDK 64-Bit Server VM,25.0.4+9-LTS,gson,197,80,197,27,1419,1392,998,1195,deserialize,100,151588,29,20260812,1,1,1831080,1792272,1273568,1934040,true,26988623,12786867,60010141,16218331,19588209,43791810,16803187
59341087977409921,3932251.5,198108.22222222222,102134449,2142,-959204706,11366520,10290840,7328528,8415560,5604264,$SDKMAN_DIR/candidates/java/25.0.4-librca,BellSoft,OpenJDK 64-Bit Server VM,25.0.4+9-LTS,gson,198,80,197,0,1393,1393,998,1195,serialize,10,151611,30,20260812,1,1,1854848,1792272,1273568,75888,true,23598909,11348736,39322515,13940632,17519283,25381883,1782974
-1473038263736110079,205945.42,87835.21212121213,85610137,2142,-959204706,10148624,8359384,7247920,7617552,5186184,$SDKMAN_DIR/candidates/java/25.0.4-librca,BellSoft,OpenJDK 64-Bit Server VM,25.0.4+9-LTS,kotlinx,63,80,16,0,1077,1077,998,1014,deserialize,100,151632,31,20260812,1,1,863600,1791024,280792,851960,true,9128364,11839747,20594542,2770492,19236803,17824050,8695686
2173,1.24818714E8,,855202088,2142,-959204706,9589632,9589632,7736064,16353192,5757488,$SDKMAN_DIR/candidates/java/25.0.4-librca,BellSoft,OpenJDK 64-Bit Server VM,25.0.4+9-LTS,fory,379,80,635,,2012,2012,998,1633,serialize,1,151659,32,20260812,1,1,4601224,1792272,8435808,,true,43838829,11470075,124818714,80979885,20677089,43838829,0
59341087977409921,1.1153107E7,177772.0,175117400,2142,-959204706,6132224,6132224,7436096,18147360,5568176,$SDKMAN_DIR/candidates/java/25.0.4-librca,BellSoft,OpenJDK 64-Bit Server VM,25.0.4+9-LTS,jackson,282,80,601,2,1883,1881,998,1599,serialize,10,151703,33,20260812,1,1,3464160,1792272,10592320,38536,true,42533240,11072052,111531070,67397882,18348684,44133188,1599948
59341087977409921,1572120.9,178969.66666666666,81794656,2142,-959204706,8722464,8362480,7247920,7617552,5186184,$SDKMAN_DIR/candidates/java/25.0.4-librca,BellSoft,OpenJDK 64-Bit Server VM,25.0.4+9-LTS,kotlinx,69,80,16,0,1083,1083,998,1014,serialize,10,151726,34,20260812,1,1,1037744,1791024,280792,28456,true,10874087,12493974,15721209,3236395,20119203,12484814,1610727
2185675431948801,5060984.3,281619.6666666667,126760208,2142,-959204706,11316176,10242624,7328528,8415560,5246320,$SDKMAN_DIR/candidates/java/25.0.4-librca,BellSoft,OpenJDK 64-Bit Server VM,25.0.4+9-LTS,gson,197,80,197,0,1392,1392,998,1195,deserialize,10,151748,35,20260812,1,1,1831080,1792272,1273568,96696,true,28324050,14535818,50609843,19751216,23838902,30858627,2534577
2173,4.2048881E7,,109381190,2142,-959204706,10290840,10290840,7328528,8415560,5246320,$SDKMAN_DIR/candidates/java/25.0.4-librca,BellSoft,OpenJDK 64-Bit Server VM,25.0.4+9-LTS,gson,198,80,197,,1393,1393,998,1195,serialize,1,151769,36,20260812,1,1,1854848,1792272,1273568,,true,26502653,11788879,42048881,15546228,19746177,26502653,0
81,1.2792718E7,,74754554,2142,-959204706,8359384,8359384,7247920,7617552,5544128,$SDKMAN_DIR/candidates/java/25.0.4-librca,BellSoft,OpenJDK 64-Bit Server VM,25.0.4+9-LTS,kotlinx,63,80,16,,1077,1077,998,1014,deserialize,1,151790,37,20260812,1,1,863600,1791024,280792,,true,10089733,11357623,12792718,2702985,18464440,10089733,0
-7711186731443673343,174449.42,56591.53535353536,78082901,2142,-959204706,9080312,8362480,7247920,7617552,5544128,$SDKMAN_DIR/candidates/java/25.0.4-librca,BellSoft,OpenJDK 64-Bit Server VM,25.0.4+9-LTS,kotlinx,69,80,16,0,1083,1083,998,1014,serialize,100,151812,38,20260812,1,1,1037744,1791024,280792,303736,true,9151378,11277391,17444942,2691002,17423882,14753940,5602562
59341087977409921,1.22847144E7,286553.44444444444,834629876,2142,-959204706,11019800,10240112,7736064,16353192,6115432,$SDKMAN_DIR/candidates/java/25.0.4-librca,BellSoft,OpenJDK 64-Bit Server VM,25.0.4+9-LTS,fory,398,80,635,65,2096,2031,998,1633,serialize,10,151836,39,20260812,1,1,4601224,1792272,8435808,21600,true,46988140,11720280,122847144,73280023,18813442,49567121,2578981
2173,1.5434168E7,,83802134,2142,-959204706,8362480,8362480,7247920,7617552,5186184,$SDKMAN_DIR/candidates/java/25.0.4-librca,BellSoft,OpenJDK 64-Bit Server VM,25.0.4+9-LTS,kotlinx,69,80,16,,1083,1083,998,1014,serialize,1,151882,40,20260812,1,1,1037744,1791024,280792,,true,11846960,14089392,15434168,3587208,20196600,11846960,0
81,1.30670205E8,,194827075,2142,-959204706,9671392,9671392,7436096,18212768,5210232,$SDKMAN_DIR/candidates/java/25.0.4-librca,BellSoft,OpenJDK 64-Bit Server VM,25.0.4+9-LTS,jackson,400,80,601,,1999,1999,998,1599,deserialize,1,151904,41,20260812,1,1,6925640,1792272,10591904,,true,61151040,11731490,130670205,69519165,18484730,61151040,0
-1473038263736110079,1420394.1,233893.42424242425,860889110,2142,-959204706,7083792,12777216,7736064,16353192,5757488,$SDKMAN_DIR/candidates/java/25.0.4-librca,BellSoft,OpenJDK 64-Bit Server VM,25.0.4+9-LTS,fory,529,80,635,258,2420,2162,998,1633,deserialize,100,151927,42,20260812,1,1,5165288,1792272,8435808,1289232,true,45703728,12556421,142039410,73180233,20099336,68859177,23155449
81,1.29972435E8,,843560343,2142,-959204706,12641904,12641904,7736064,16353192,5757488,$SDKMAN_DIR/candidates/java/25.0.4-librca,BellSoft,OpenJDK 64-Bit Server VM,25.0.4+9-LTS,fory,549,80,635,,2182,2182,998,1633,deserialize,1,151973,43,20260812,1,1,5165288,1792272,8435808,,true,51712238,12659878,129972435,78260197,22743007,51712238,0
2185675431948801,1391562.2,203358.11111111112,75798748,2142,-959204706,8717232,8359384,7247920,7617552,5544128,$SDKMAN_DIR/candidates/java/25.0.4-librca,BellSoft,OpenJDK 64-Bit Server VM,25.0.4+9-LTS,kotlinx,63,80,16,0,1077,1077,998,1014,deserialize,10,152018,44,20260812,1,1,863600,1791024,280792,77856,true,9266845,11931387,13915622,2818554,17967110,11097068,1830223
2185675431948801,1.39188853E7,298116.3333333333,205473779,2142,-959204706,9837024,9658088,7436096,18147344,5210232,$SDKMAN_DIR/candidates/java/25.0.4-librca,BellSoft,OpenJDK 64-Bit Server VM,25.0.4+9-LTS,jackson,400,80,601,0,1999,1999,998,1599,deserialize,10,152040,45,20260812,1,1,6925640,1792272,10592768,66312,true,63583031,12089648,139188853,72922775,18105241,66266078,2683047
81,3.8696136E7,,105434619,2142,-959204706,10242624,10242624,7328528,8415560,5246320,$SDKMAN_DIR/candidates/java/25.0.4-librca,BellSoft,OpenJDK 64-Bit Server VM,25.0.4+9-LTS,gson,197,80,197,,1392,1392,998,1195,deserialize,1,152063,46,20260812,1,1,1831080,1792272,1273568,,true,23193960,12290758,38696136,15502176,19452752,23193960,0
-1473038263736110079,1483332.77,153160.7373737374,214724862,2142,-959204706,11285608,9478288,7436096,18147344,5210232,$SDKMAN_DIR/candidates/java/25.0.4-librca,BellSoft,OpenJDK 64-Bit Server VM,25.0.4+9-LTS,jackson,400,80,601,27,2026,1999,998,1599,deserialize,100,152085,47,20260812,1,1,6925640,1792272,10590528,1608024,true,62516402,12144912,148333277,70653962,19059167,77679315,15162913
59341087977409921,3961477.2,204687.22222222222,104292888,2142,-959204706,11724368,10290840,7328528,8415560,5604264,$SDKMAN_DIR/candidates/java/25.0.4-librca,BellSoft,OpenJDK 64-Bit Server VM,25.0.4+9-LTS,gson,198,80,197,0,1393,1393,998,1195,serialize,10,152108,48,20260812,2,1,1854848,1792272,1273568,75888,true,23706931,12006000,39614772,14065656,18308486,25549116,1842185
2185675431948801,4056669.5,271619.55555555556,107077306,2142,-959204706,11316176,10242624,7328528,8415560,5604264,$SDKMAN_DIR/candidates/java/25.0.4-librca,BellSoft,OpenJDK 64-Bit Server VM,25.0.4+9-LTS,gson,197,80,197,0,1392,1392,998,1195,deserialize,10,152130,49,20260812,2,1,1831080,1792272,1273568,96696,true,23736828,11313550,40566695,14385291,19644433,26181404,2444576
59341087977409921,1.20589125E7,286754.8888888889,851145804,2142,-959204706,11128240,10168000,7736064,16353192,5757488,$SDKMAN_DIR/candidates/java/25.0.4-librca,BellSoft,OpenJDK 64-Bit Server VM,25.0.4+9-LTS,fory,397,80,635,63,2093,2030,998,1633,serialize,10,152151,50,20260812,2,1,4601224,1792272,8435808,21600,true,41384173,12693341,120589125,76624158,19422404,43964967,2580794
2185675431948801,1.33256406E7,390934.22222222225,854934499,2142,-959204706,14514448,12553392,7736064,16353192,5757488,$SDKMAN_DIR/candidates/java/25.0.4-librca,BellSoft,OpenJDK 64-Bit Server VM,25.0.4+9-LTS,fory,525,80,635,69,2227,2158,998,1633,deserialize,10,152195,51,20260812,2,1,5165576,1792272,8435808,38848,true,49796272,12543015,133256406,79941726,19967074,53314680,3518408
-7711186731443673343,1386129.39,159704.12121212122,870039016,2142,-959204706,18634112,9319432,7736064,16353192,5757488,$SDKMAN_DIR/candidates/java/25.0.4-librca,BellSoft,OpenJDK 64-Bit Server VM,25.0.4+9-LTS,fory,372,80,635,325,2330,2005,998,1633,serialize,100,152241,52,20260812,2,1,4601224,1792272,8435808,1060240,true,42644456,12778871,138612939,80157775,19596453,58455164,15810708
-1473038263736110079,1536911.83,181717.101010101,220838537,2142,-959204706,11644320,9479152,7436096,18147336,5568176,$SDKMAN_DIR/candidates/java/25.0.4-librca,BellSoft,OpenJDK 64-Bit Server VM,25.0.4+9-LTS,jackson,400,80,601,27,2026,1999,998,1599,deserialize,100,152302,53,20260812,2,1,6925640,1792272,10591040,1608024,true,62077230,12350030,153691183,73623960,19710729,80067223,17989993
2185675431948801,1.41980169E7,301732.0,207680287,2142,-959204706,9836592,9478744,7436096,18147360,5210232,$SDKMAN_DIR/candidates/java/25.0.4-librca,BellSoft,OpenJDK 64-Bit Server VM,25.0.4+9-LTS,jackson,400,80,601,0,1999,1999,998,1599,deserialize,10,152325,54,20260812,2,1,6925640,1792272,10593024,66312,true,64484123,12507568,141980169,74780458,18683315,67199711,2715588
-7711186731443673343,191416.21,60505.89898989899,85334359,2142,-959204706,9080312,8362480,7247920,7617552,5186184,$SDKMAN_DIR/candidates/java/25.0.4-librca,BellSoft,OpenJDK 64-Bit Server VM,25.0.4+9-LTS,kotlinx,69,80,16,0,1083,1083,998,1014,serialize,100,152348,55,20260812,2,1,1037744,1791024,280792,303736,true,10173451,12197321,19141621,2978086,19085976,16163535,5990084
59341087977409921,1380109.5,157319.88888888888,76577479,2142,-959204706,8722464,8362480,7247920,7617552,5544128,$SDKMAN_DIR/candidates/java/25.0.4-librca,BellSoft,OpenJDK 64-Bit Server VM,25.0.4+9-LTS,kotlinx,69,80,16,0,1083,1083,998,1014,serialize,10,152371,56,20260812,2,1,1037744,1791024,280792,28456,true,9491110,11684230,13801095,2894106,18593224,10906989,1415879
81,4.1093621E7,,106284695,2142,-959204706,10242624,10242624,7328528,8415560,5246320,$SDKMAN_DIR/candidates/java/25.0.4-librca,BellSoft,OpenJDK 64-Bit Server VM,25.0.4+9-LTS,gson,197,80,197,,1392,1392,998,1195,deserialize,1,152392,57,20260812,2,1,1831080,1792272,1273568,,true,25101069,12347385,41093621,15992552,18771772,25101069,0
-7711186731443673343,488831.82,108420.41414141415,113753608,2142,-959204706,12802584,10290840,7328528,8415560,5246320,$SDKMAN_DIR/candidates/java/25.0.4-librca,BellSoft,OpenJDK 64-Bit Server VM,25.0.4+9-LTS,gson,198,80,197,25,1418,1393,998,1195,serialize,100,152413,58,20260812,2,1,1854848,1792272,1273568,1620208,true,23402215,12030356,48883182,14747346,19773366,34135836,10733621
-7711186731443673343,1173067.2,114860.07070707071,182760068,2142,-959204706,7743960,5928576,7436096,18150256,5210232,$SDKMAN_DIR/candidates/java/25.0.4-librca,BellSoft,OpenJDK 64-Bit Server VM,25.0.4+9-LTS,jackson,282,80,601,27,1908,1881,998,1599,serialize,100,152436,59,20260812,2,1,3464160,1792272,10592704,1126056,true,40065256,11113260,117306720,65870317,18941052,51436403,11371147
2173,1.09106805E8,,173518320,2142,-959204706,6130944,6130944,7436096,18147336,5568176,$SDKMAN_DIR/candidates/java/25.0.4-librca,BellSoft,OpenJDK 64-Bit Server VM,25.0.4+9-LTS,jackson,282,80,601,,1881,1881,998,1599,serialize,1,152460,60,20260812,2,1,3464160,1792272,10590048,,true,42108262,11328006,109106805,66998543,18760712,42108262,0
-1473038263736110079,555755.06,163013.31313131313,117295419,2142,-959204706,13496288,10242624,7328528,8415560,5604264,$SDKMAN_DIR/candidates/java/25.0.4-librca,BellSoft,OpenJDK 64-Bit Server VM,25.0.4+9-LTS,gson,197,80,197,27,1419,1392,998,1195,deserialize,100,152483,61,20260812,2,1,1831080,1792272,1273568,1934040,true,25035926,11136533,55575506,14401262,17282405,41174244,16138318
81,1.33363174E8,,198914948,2142,-959204706,9478648,9478648,7436096,18147368,5210232,$SDKMAN_DIR/candidates/java/25.0.4-librca,BellSoft,OpenJDK 64-Bit Server VM,25.0.4+9-LTS,jackson,400,80,601,,1999,1999,998,1599,deserialize,1,152507,62,20260812,2,1,6925640,1792272,10591424,,true,59971334,12209805,133363174,73391840,19135501,59971334,0
81,1.3807048E7,,79255536,2142,-959204706,8359384,8359384,7247920,7617552,5186184,$SDKMAN_DIR/candidates/java/25.0.4-librca,BellSoft,OpenJDK 64-Bit Server VM,25.0.4+9-LTS,kotlinx,63,80,16,,1077,1077,998,1014,deserialize,1,152529,63,20260812,2,1,863600,1791024,280792,,true,10752917,12574695,13807048,3054131,19964710,10752917,0
2173,3.6503075E7,,99365308,2142,-959204706,10290840,10290840,7328528,8415560,5604264,$SDKMAN_DIR/candidates/java/25.0.4-librca,BellSoft,OpenJDK 64-Bit Server VM,25.0.4+9-LTS,gson,198,80,197,,1393,1393,998,1195,serialize,1,152551,64,20260812,2,1,1854848,1792272,1273568,,true,21418120,11149899,36503075,15084955,17663215,21418120,0
2173,1.25202521E8,,814094922,2142,-959204706,10452896,10452896,7736064,16353192,6115432,$SDKMAN_DIR/candidates/java/25.0.4-librca,BellSoft,OpenJDK 64-Bit Server VM,25.0.4+9-LTS,fory,413,80,635,,2046,2046,998,1633,serialize,1,152572,65,20260812,2,1,4601224,1792272,8435808,,true,45728151,13293055,125202521,79474370,18125499,45728151,0
2173,1.5023539E7,,86238619,2142,-959204706,8362480,8362480,7247920,7617552,5186184,$SDKMAN_DIR/candidates/java/25.0.4-librca,BellSoft,OpenJDK 64-Bit Server VM,25.0.4+9-LTS,kotlinx,69,80,16,,1083,1083,998,1014,serialize,1,152616,66,20260812,2,1,1037744,1791024,280792,,true,11565906,13892569,15023539,3457633,22048422,11565906,0
-1473038263736110079,1537756.11,212463.8686868687,852435548,2142,-959204706,7441408,13104128,7736064,16353192,5757488,$SDKMAN_DIR/candidates/java/25.0.4-librca,BellSoft,OpenJDK 64-Bit Server VM,25.0.4+9-LTS,fory,530,80,635,210,2373,2163,998,1633,deserialize,100,152638,67,20260812,2,1,5165288,1792272,8435808,1288880,true,53092106,12845928,153775611,79649582,20200896,74126029,21033923
2185675431948801,1854876.0,250371.44444444444,88643588,2142,-959204706,9075080,8359384,7247920,7617552,5186184,$SDKMAN_DIR/candidates/java/25.0.4-librca,BellSoft,OpenJDK 64-Bit Server VM,25.0.4+9-LTS,kotlinx,63,80,16,0,1077,1077,998,1014,deserialize,10,152685,68,20260812,2,1,863600,1791024,280792,77856,true,12690244,13938556,18548760,3605173,21398522,14943587,2253343
81,1.24348211E8,,832528852,2142,-959204706,12537936,12537936,7736064,16353192,6115432,$SDKMAN_DIR/candidates/java/25.0.4-librca,BellSoft,OpenJDK 64-Bit Server VM,25.0.4+9-LTS,fory,522,80,635,,2155,2155,998,1633,deserialize,1,152706,69,20260812,2,1,5165288,1792272,8435808,,true,50011996,11267051,124348211,74336215,19050559,50011996,0
59341087977409921,1.17490255E7,181578.0,182865692,2142,-959204706,6309488,6130552,7436096,18147344,5210232,$SDKMAN_DIR/candidates/java/25.0.4-librca,BellSoft,OpenJDK 64-Bit Server VM,25.0.4+9-LTS,jackson,282,80,601,2,1883,1881,998,1599,serialize,10,152752,70,20260812,2,1,3464160,1792272,10591616,38536,true,42999948,12044752,117490255,72856105,18930932,44634150,1634202
-1473038263736110079,210757.8,86210.60606060606,84576923,2142,-959204706,10148624,8359384,7247920,7617552,5544128,$SDKMAN_DIR/candidates/java/25.0.4-librca,BellSoft,OpenJDK 64-Bit Server VM,25.0.4+9-LTS,kotlinx,63,80,16,0,1077,1077,998,1014,deserialize,100,152774,71,20260812,2,1,863600,1791024,280792,852632,true,9696709,11377940,21075780,2844221,18012424,18231559,8534850
2173,3.7613425E7,,102362479,2142,-959204706,10290840,10290840,7328528,8415560,5246320,$SDKMAN_DIR/candidates/java/25.0.4-librca,BellSoft,OpenJDK 64-Bit Server VM,25.0.4+9-LTS,gson,198,80,197,,1393,1393,998,1195,serialize,1,152800,72,20260812,3,1,1854848,1792272,1273568,,true,22586590,12263737,37613425,15026835,18949607,22586590,0
59341087977409921,1.0905406E7,189781.33333333334,169317175,2142,-959204706,6310992,5953144,7436096,18147344,5210232,$SDKMAN_DIR/candidates/java/25.0.4-librca,BellSoft,OpenJDK 64-Bit Server VM,25.0.4+9-LTS,jackson,282,80,601,2,1883,1881,998,1599,serialize,10,152822,73,20260812,3,1,3464160,1792272,10592704,38536,true,40283087,10936094,109054060,67062941,16925126,41991119,1708032
2185675431948801,3924810.9,231911.0,103626399,2142,-959204706,11316176,10242624,7328528,8415560,5246320,$SDKMAN_DIR/candidates/java/25.0.4-librca,BellSoft,OpenJDK 64-Bit Server VM,25.0.4+9-LTS,gson,197,80,197,0,1392,1392,998,1195,deserialize,10,152845,74,20260812,3,1,1831080,1792272,1273568,96696,true,22901978,11892915,39248109,14258932,17179599,24989177,2087199
81,1.16779068E8,,847823814,2142,-959204706,13576440,13576440,7736064,16353192,5757488,$SDKMAN_DIR/candidates/java/25.0.4-librca,BellSoft,OpenJDK 64-Bit Server VM,25.0.4+9-LTS,fory,572,80,635,,2205,2205,998,1633,deserialize,1,152866,75,20260812,3,1,5165288,1792272,8435808,,true,45979146,11292550,116779068,70799922,18441136,45979146,0
59341087977409921,1.23134825E7,235011.44444444444,853991277,2142,-959204706,11575440,10553968,7736064,16353192,5757488,$SDKMAN_DIR/candidates/java/25.0.4-librca,BellSoft,OpenJDK 64-Bit Server VM,25.0.4+9-LTS,fory,418,80,635,68,2119,2051,998,1633,serialize,10,152911,76,20260812,3,1,4601224,1792272,8435808,21600,true,46527373,11385023,123134825,74492349,18209849,48642476,2115103
2173,1.27363455E8,,908297213,2142,-959204706,10407432,10407432,7736064,16353192,5757488,$SDKMAN_DIR/candidates/java/25.0.4-librca,BellSoft,OpenJDK 64-Bit Server VM,25.0.4+9-LTS,fory,413,80,635,,2046,2046,998,1633,serialize,1,152958,77,20260812,3,1,4601224,1792272,8435808,,true,47624528,13115849,127363455,79738927,20477188,47624528,0
-7711186731443673343,1243679.05,110336.65656565657,188235720,2142,-959204706,7376024,5951272,7436096,18147344,5210232,$SDKMAN_DIR/candidates/java/25.0.4-librca,BellSoft,OpenJDK 64-Bit Server VM,25.0.4+9-LTS,jackson,282,80,601,27,1908,1881,998,1599,serialize,100,153003,78,20260812,3,1,3464160,1792272,10590144,1126056,true,44575618,11580032,124367905,68868958,18302684,55498947,10923329
-7711186731443673343,523267.96,120796.25252525252,116849197,2142,-959204706,12802584,10290840,7328528,8415560,5246320,$SDKMAN_DIR/candidates/java/25.0.4-librca,BellSoft,OpenJDK 64-Bit Server VM,25.0.4+9-LTS,gson,198,80,197,25,1418,1393,998,1195,serialize,100,153026,79,20260812,3,1,1854848,1792272,1273568,1620208,true,24130140,12070601,52326796,16237827,18770479,36088969,11958829
81,1.2510924E7,,75914290,2142,-959204706,8359384,8359384,7247920,7617552,5186184,$SDKMAN_DIR/candidates/java/25.0.4-librca,BellSoft,OpenJDK 64-Bit Server VM,25.0.4+9-LTS,kotlinx,63,80,16,,1077,1077,998,1014,deserialize,1,153049,80,20260812,3,1,863600,1791024,280792,,true,9580149,12399653,12510924,2930775,18461074,9580149,0
59341087977409921,3813983.2,173399.22222222222,99573288,2142,-959204706,11366520,10290840,7328528,8415560,5604264,$SDKMAN_DIR/candidates/java/25.0.4-librca,BellSoft,OpenJDK 64-Bit Server VM,25.0.4+9-LTS,gson,198,80,197,0,1393,1393,998,1195,serialize,10,153071,81,20260812,3,1,1854848,1792272,1273568,75888,true,22597461,11180767,38139832,13981778,17694853,24158054,1560593
2173,1.1161381E8,,178447616,2142,-959204706,6132208,6132208,7436096,18147344,5568176,$SDKMAN_DIR/candidates/java/25.0.4-librca,BellSoft,OpenJDK 64-Bit Server VM,25.0.4+9-LTS,jackson,282,80,601,,1881,1881,998,1599,serialize,1,153093,82,20260812,3,1,3464160,1792272,10592928,,true,42295452,13437207,111613810,69318358,18337358,42295452,0
-1473038263736110079,568410.98,156715.8383838384,119600364,2142,-959204706,13138440,10242624,7328528,8415560,5246320,$SDKMAN_DIR/candidates/java/25.0.4-librca,BellSoft,OpenJDK 64-Bit Server VM,25.0.4+9-LTS,gson,197,80,197,27,1419,1392,998,1195,deserialize,100,153115,83,20260812,3,1,1831080,1792272,1273568,1934040,true,24865682,11453363,56841098,16460548,17970675,40380550,15514868
2185675431948801,1.36642932E7,296133.6666666667,895763493,2142,-959204706,14572088,13274200,7736064,16353192,5757488,$SDKMAN_DIR/candidates/java/25.0.4-librca,BellSoft,OpenJDK 64-Bit Server VM,25.0.4+9-LTS,fory,505,80,635,76,2214,2138,998,1633,deserialize,10,153138,84,20260812,3,1,5165288,1792272,8435808,38824,true,48454859,14110981,136642932,85522870,19370483,51120062,2665203
2173,1.3257385E7,,78625018,2142,-959204706,8362480,8362480,7247920,7617552,5186184,$SDKMAN_DIR/candidates/java/25.0.4-librca,BellSoft,OpenJDK 64-Bit Server VM,25.0.4+9-LTS,kotlinx,69,80,16,,1083,1083,998,1014,serialize,1,153183,85,20260812,3,1,1037744,1791024,280792,,true,10035719,12590324,13257385,3221666,19610508,10035719,0
81,1.34948404E8,,197690938,2142,-959204706,9657968,9657968,7436096,18147352,5568176,$SDKMAN_DIR/candidates/java/25.0.4-librca,BellSoft,OpenJDK 64-Bit Server VM,25.0.4+9-LTS,jackson,400,80,601,,1999,1999,998,1599,deserialize,1,153205,86,20260812,3,1,6925640,1792272,10591040,,true,62622326,11850975,134948404,72326078,17895182,62622326,0
59341087977409921,1517946.2,184574.77777777778,77932216,2142,-959204706,8722464,8362480,7247920,7617552,5544128,$SDKMAN_DIR/candidates/java/25.0.4-librca,BellSoft,OpenJDK 64-Bit Server VM,25.0.4+9-LTS,kotlinx,69,80,16,0,1083,1083,998,1014,serialize,10,153227,87,20260812,3,1,1037744,1791024,280792,28456,true,10695498,11690933,15179462,2822791,17580876,12356671,1661173
-7711186731443673343,1359435.47,154359.15151515152,837131658,2142,-959204706,19476760,9414552,7736064,16353192,5757488,$SDKMAN_DIR/candidates/java/25.0.4-librca,BellSoft,OpenJDK 64-Bit Server VM,25.0.4+9-LTS,fory,391,80,635,310,2334,2024,998,1633,serialize,100,153249,88,20260812,3,1,4601224,1792272,8435808,1060144,true,44878310,12373944,135943547,75783681,19475944,60159866,15281556
2185675431948801,1.2896439E7,278141.77777777775,192828025,2142,-959204706,9835400,9477552,7436096,18147352,5568176,$SDKMAN_DIR/candidates/java/25.0.4-librca,BellSoft,OpenJDK 64-Bit Server VM,25.0.4+9-LTS,jackson,400,80,601,0,1999,1999,998,1599,deserialize,10,153293,89,20260812,3,1,6925640,1792272,10590208,66312,true,59705718,11267540,128964390,66755396,18446035,62208994,2503276
-1473038263736110079,216103.1,87755.34343434343,86299438,2142,-959204706,10148648,8359384,7247920,7617552,5186184,$SDKMAN_DIR/candidates/java/25.0.4-librca,BellSoft,OpenJDK 64-Bit Server VM,25.0.4+9-LTS,kotlinx,63,80,16,0,1077,1077,998,1014,deserialize,100,153315,90,20260812,3,1,863600,1791024,280792,852560,true,9975295,12230915,21610310,2947236,18412501,18663074,8687779
-1473038263736110079,1500144.4,218737.63636363635,850687631,2142,-959204706,7089528,12900728,7736064,16353192,5757488,$SDKMAN_DIR/candidates/java/25.0.4-librca,BellSoft,OpenJDK 64-Bit Server VM,25.0.4+9-LTS,fory,525,80,635,238,2396,2158,998,1633,deserialize,100,153341,91,20260812,3,1,5165288,1792272,8435808,1289168,true,49449729,13173927,150014440,78909685,19827347,71104755,21655026
-1473038263736110079,1458551.41,160345.63636363635,213713372,2142,-959204706,11603400,9629848,7436096,18028576,5210232,$SDKMAN_DIR/candidates/java/25.0.4-librca,BellSoft,OpenJDK 64-Bit Server VM,25.0.4+9-LTS,jackson,400,80,601,27,2026,1999,998,1599,deserialize,100,153386,92,20260812,3,1,6925640,1792272,10590592,1608024,true,59291953,12070190,145855141,70688970,19882482,75166171,15874218
2185675431948801,1538868.8,217450.33333333334,81621606,2142,-959204706,8717232,8359384,7247920,7617552,5544128,$SDKMAN_DIR/candidates/java/25.0.4-librca,BellSoft,OpenJDK 64-Bit Server VM,25.0.4+9-LTS,kotlinx,63,80,16,0,1077,1077,998,1014,deserialize,10,153410,93,20260812,3,1,863600,1791024,280792,77856,true,10388757,12642694,15388688,3042878,19885688,12345810,1957053
-7711186731443673343,212902.87,58075.656565656565,95850940,2142,-959204706,9080312,8362480,7247920,7617552,5186184,$SDKMAN_DIR/candidates/java/25.0.4-librca,BellSoft,OpenJDK 64-Bit Server VM,25.0.4+9-LTS,kotlinx,69,80,16,0,1083,1083,998,1014,serialize,100,153432,94,20260812,3,1,1037744,1791024,280792,303736,true,11814405,14925853,21290287,3726392,23391221,17563895,5749490
81,4.5442557E7,,113560361,2142,-959204706,10242624,10242624,7328528,8415560,5246320,$SDKMAN_DIR/candidates/java/25.0.4-librca,BellSoft,OpenJDK 64-Bit Server VM,25.0.4+9-LTS,gson,197,80,197,,1392,1392,998,1195,deserialize,1,153456,95,20260812,3,1,1831080,1792272,1273568,,true,27964094,14065986,45442557,17478463,19563638,27964094,0
2173,1.2267904E7,,74370055,2142,-959204706,8362480,8362480,7247920,7617552,5186184,$SDKMAN_DIR/candidates/java/25.0.4-librca,BellSoft,OpenJDK 64-Bit Server VM,25.0.4+9-LTS,kotlinx,69,80,16,,1083,1083,998,1014,serialize,1,153477,96,20260812,4,1,1037744,1791024,280792,,true,9472956,11324458,12267904,2794948,18060324,9472956,0
81,1.1871493E7,,72803069,2142,-959204706,8359384,8359384,7247920,7617552,5186184,$SDKMAN_DIR/candidates/java/25.0.4-librca,BellSoft,OpenJDK 64-Bit Server VM,25.0.4+9-LTS,kotlinx,63,80,16,,1077,1077,998,1014,deserialize,1,153499,97,20260812,4,1,863600,1791024,280792,,true,9167366,11136202,11871493,2704127,17229242,9167366,0
-1473038263736110079,1510431.57,219007.34343434343,870020582,2142,-959204706,8208056,13010128,7736064,16353192,5757488,$SDKMAN_DIR/candidates/java/25.0.4-librca,BellSoft,OpenJDK 64-Bit Server VM,25.0.4+9-LTS,fory,559,80,635,213,2405,2193,998,1633,deserialize,100,153520,98,20260812,4,1,5165448,1792272,8435808,1288904,true,50436116,12379835,151043157,78925314,20221684,72117843,21681727
59341087977409921,1368894.1,169054.33333333334,74124619,2142,-959204706,8722464,8362480,7247920,7617552,5544128,$SDKMAN_DIR/candidates/java/25.0.4-librca,BellSoft,OpenJDK 64-Bit Server VM,25.0.4+9-LTS,kotlinx,69,80,16,0,1083,1083,998,1014,serialize,10,153566,99,20260812,4,1,1037744,1791024,280792,28456,true,9251445,11252442,13688941,2916007,17742342,10772934,1521489
2185675431948801,1369511.5,205310.66666666666,74458359,2142,-959204706,8359384,8359384,7247920,7617552,5544128,$SDKMAN_DIR/candidates/java/25.0.4-librca,BellSoft,OpenJDK 64-Bit Server VM,25.0.4+9-LTS,kotlinx,63,80,16,0,1077,1077,998,1014,deserialize,10,153588,100,20260812,4,1,863600,1791024,280792,77856,true,9014337,11529256,13695115,2832982,17725541,10862133,1847796
81,3.7346407E7,,100978401,2142,-959204706,10242624,10242624,7328528,8415560,5246320,$SDKMAN_DIR/candidates/java/25.0.4-librca,BellSoft,OpenJDK 64-Bit Server VM,25.0.4+9-LTS,gson,197,80,197,,1392,1392,998,1195,deserialize,1,153610,101,20260812,4,1,1831080,1792272,1273568,,true,23193126,12108210,37346407,14153281,18449200,23193126,0
-7711186731443673343,1483517.62,182912.47474747474,849869596,2142,-959204706,21451672,10045240,7736064,16353192,5757488,$SDKMAN_DIR/candidates/java/25.0.4-librca,BellSoft,OpenJDK 64-Bit Server VM,25.0.4+9-LTS,fory,396,80,635,304,2333,2029,998,1633,serialize,100,153632,102,20260812,4,1,4601360,1792272,8435808,1060624,true,48299222,12492219,148351762,81944205,19161727,66407557,18108335
81,1.38322333E8,,208958000,2142,-959204706,9477744,9477744,7436096,18147368,5210232,$SDKMAN_DIR/candidates/java/25.0.4-librca,BellSoft,OpenJDK 64-Bit Server VM,25.0.4+9-LTS,jackson,400,80,601,,1999,1999,998,1599,deserialize,1,153678,103,20260812,4,1,6925640,1792272,10590208,,true,63348749,13714300,138322333,74973584,21478281,63348749,0
2185675431948801,1.32510356E7,348953.55555555556,855161879,2142,-959204706,14445872,12977440,7736064,16353192,6115432,$SDKMAN_DIR/candidates/java/25.0.4-librca,BellSoft,OpenJDK 64-Bit Server VM,25.0.4+9-LTS,fory,506,80,635,87,2226,2139,998,1633,deserialize,10,153701,104,20260812,4,1,5165288,1792272,8435808,38888,true,48943371,12672408,132510356,80426403,18990354,52083953,3140582
59341087977409921,1.19950329E7,304034.22222222225,845780083,2142,-959204706,12711224,11343192,7736064,16353192,6115432,$SDKMAN_DIR/candidates/java/25.0.4-librca,BellSoft,OpenJDK 64-Bit Server VM,25.0.4+9-LTS,fory,435,80,635,47,2115,2068,998,1633,serialize,10,153748,105,20260812,4,1,4601224,1792272,8435808,21600,true,43579070,11820476,119950329,73634951,18396961,46315378,2736308
81,1.25702292E8,,866045835,2142,-959204706,12227240,12227240,7736064,16353192,5757488,$SDKMAN_DIR/candidates/java/25.0.4-librca,BellSoft,OpenJDK 64-Bit Server VM,25.0.4+9-LTS,fory,494,80,635,,2128,2127,998,1633,deserialize,1,153793,106,20260812,4,1,5165288,1792272,8435808,,true,47883975,12577008,125702292,77818317,20234157,47883975,0
-1473038263736110079,546136.28,146249.55555555556,117600091,2142,-959204706,13138440,10242624,7328528,8415560,5604264,$SDKMAN_DIR/candidates/java/25.0.4-librca,BellSoft,OpenJDK 64-Bit Server VM,25.0.4+9-LTS,gson,197,80,197,27,1419,1392,998,1195,deserialize,100,153838,107,20260812,4,1,1831080,1792272,1273568,1934040,true,24252530,11902742,54613628,15882392,17684874,38731236,14478706
-7711186731443673343,538503.35,122342.40404040404,120539513,2142,-959204706,12802584,10290840,7328528,8415560,5246320,$SDKMAN_DIR/candidates/java/25.0.4-librca,BellSoft,OpenJDK 64-Bit Server VM,25.0.4+9-LTS,gson,198,80,197,25,1418,1393,998,1195,serialize,100,153861,108,20260812,4,1,1854848,1792272,1273568,1620208,true,25202288,12632303,53850335,16536149,19507252,37314186,12111898
59341087977409921,4313832.4,253477.33333333334,107261919,2142,-959204706,11366520,10290840,7328528,8415560,5246320,$SDKMAN_DIR/candidates/java/25.0.4-librca,BellSoft,OpenJDK 64-Bit Server VM,25.0.4+9-LTS,gson,198,80,197,0,1393,1393,998,1195,serialize,10,153884,109,20260812,4,1,1854848,1792272,1273568,75888,true,25546188,12498108,43138324,15310840,18817036,27827484,2281296
-7711186731443673343,1279969.52,122751.9696969697,192410695,2142,-959204706,7020528,5953536,7436096,18147344,5210232,$SDKMAN_DIR/candidates/java/25.0.4-librca,BellSoft,OpenJDK 64-Bit Server VM,25.0.4+9-LTS,jackson,282,80,601,27,1908,1881,998,1599,serialize,100,153905,110,20260812,4,1,3464160,1792272,10592608,1126056,true,45194767,11451938,127996952,70649740,17917544,57347212,12152445
-1473038263736110079,201978.29,82767.62626262626,84503796,2142,-959204706,10148624,8359384,7247920,7617552,5186184,$SDKMAN_DIR/candidates/java/25.0.4-librca,BellSoft,OpenJDK 64-Bit Server VM,25.0.4+9-LTS,kotlinx,63,80,16,0,1077,1077,998,1014,deserialize,100,153928,111,20260812,4,1,863600,1791024,280792,851672,true,9138282,11655534,20197829,2865552,18776508,17332277,8193995
-1473038263736110079,1484670.64,158329.68686868687,212596870,2142,-959204706,11643264,9478096,7436096,18147344,5210232,$SDKMAN_DIR/candidates/java/25.0.4-librca,BellSoft,OpenJDK 64-Bit Server VM,25.0.4+9-LTS,jackson,400,80,601,27,2026,1999,998,1599,deserialize,100,153953,112,20260812,4,1,6925640,1792272,10590656,1608024,true,66962002,11177689,148467064,65830423,18117102,82636641,15674639
2185675431948801,4173794.7,249075.88888888888,105770796,2142,-959204706,11674024,10242624,7328528,8415560,5604264,$SDKMAN_DIR/candidates/java/25.0.4-librca,BellSoft,OpenJDK 64-Bit Server VM,25.0.4+9-LTS,gson,197,80,197,0,1392,1392,998,1195,deserialize,10,153977,113,20260812,4,1,1831080,1792272,1273568,96696,true,24473217,12427735,41737947,15023047,18454520,26714900,2241683
-7711186731443673343,212896.14,76868.28282828283,85701362,2142,-959204706,9080312,8362480,7247920,7617552,5186184,$SDKMAN_DIR/candidates/java/25.0.4-librca,BellSoft,OpenJDK 64-Bit Server VM,25.0.4+9-LTS,kotlinx,69,80,16,0,1083,1083,998,1014,serialize,100,153999,114,20260812,4,1,1037744,1791024,280792,303736,true,10531577,12645848,21289614,3148077,19028556,18141537,7609960
2173,1.2144286E8,,856725425,2142,-959204706,9536656,9536656,7736064,16353192,5757488,$SDKMAN_DIR/candidates/java/25.0.4-librca,BellSoft,OpenJDK 64-Bit Server VM,25.0.4+9-LTS,fory,381,80,635,,2014,2014,998,1633,serialize,1,154023,115,20260812,4,1,4601224,1792272,8435808,,true,43213316,12612825,121442860,78229544,18879404,43213316,0
59341087977409921,1.17116713E7,193087.44444444444,182161178,2142,-959204706,6311040,5953192,7436096,18147352,5568176,$SDKMAN_DIR/candidates/java/25.0.4-librca,BellSoft,OpenJDK 64-Bit Server VM,25.0.4+9-LTS,jackson,282,80,601,2,1883,1881,998,1599,serialize,10,154069,116,20260812,4,1,3464160,1792272,10592768,38536,true,42822868,11853539,117116713,72556058,19193737,44560655,1737787
2173,3.674135E7,,97004767,2142,-959204706,10290840,10290840,7328528,8415560,5604264,$SDKMAN_DIR/candidates/java/25.0.4-librca,BellSoft,OpenJDK 64-Bit Server VM,25.0.4+9-LTS,gson,198,80,197,,1393,1393,998,1195,serialize,1,154091,117,20260812,4,1,1854848,1792272,1273568,,true,22491418,10978123,36741350,14249932,17160840,22491418,0
2173,1.16760399E8,,183047043,2142,-959204706,5951520,5951520,7436096,18147360,5568176,$SDKMAN_DIR/candidates/java/25.0.4-librca,BellSoft,OpenJDK 64-Bit Server VM,25.0.4+9-LTS,jackson,282,80,601,,1881,1881,998,1599,serialize,1,154113,118,20260812,4,1,3464160,1792272,10591360,,true,44189032,11769490,116760399,72571367,19114397,44189032,0
2185675431948801,1.3426429E7,296921.8888888889,199537567,2142,-959204706,10193432,9477736,7436096,18147360,5568176,$SDKMAN_DIR/candidates/java/25.0.4-librca,BellSoft,OpenJDK 64-Bit Server VM,25.0.4+9-LTS,jackson,400,80,601,0,1999,1999,998,1599,deserialize,10,154136,119,20260812,4,1,6925640,1792272,10591616,66312,true,57810516,12220412,134264290,73781477,18764427,60482813,2672297
59341087977409921,1404181.0,171013.55555555556,81108340,2142,-959204706,8722464,8362480,7247920,7617552,5186184,$SDKMAN_DIR/candidates/java/25.0.4-librca,BellSoft,OpenJDK 64-Bit Server VM,25.0.4+9-LTS,kotlinx,69,80,16,0,1083,1083,998,1014,serialize,10,154159,120,20260812,5,1,1037744,1791024,280792,28456,true,9641924,12187571,14041810,2860764,20086045,11181046,1539122
59341087977409921,1.12326527E7,193381.44444444444,174857557,2142,-959204706,6311048,5953200,7436096,18147344,5568176,$SDKMAN_DIR/candidates/java/25.0.4-librca,BellSoft,OpenJDK 64-Bit Server VM,25.0.4+9-LTS,jackson,282,80,601,2,1883,1881,998,1599,serialize,10,154182,121,20260812,5,1,3464160,1792272,10592896,38536,true,39756444,11469032,112326527,70829650,17611423,41496877,1740433
59341087977409921,1.13258563E7,237669.66666666666,834611239,2142,-959204706,11170248,10192024,7736064,16353192,6115432,$SDKMAN_DIR/candidates/java/25.0.4-librca,BellSoft,OpenJDK 64-Bit Server VM,25.0.4+9-LTS,fory,416,80,635,60,2109,2049,998,1633,serialize,10,154205,122,20260812,5,1,4601224,1792272,8435808,21600,true,40520482,10916646,113258563,70599054,17603830,42659509,2139027
-7711186731443673343,1257567.38,140671.21212121213,191355622,2142,-959204706,7733352,5950728,7436096,18147360,5210232,$SDKMAN_DIR/candidates/java/25.0.4-librca,BellSoft,OpenJDK 64-Bit Server VM,25.0.4+9-LTS,jackson,282,80,601,27,1908,1881,998,1599,serialize,100,154250,123,20260812,5,1,3464160,1792272,10590720,1126056,true,42852883,11598878,125756738,68977405,19238372,56779333,13926450
2185675431948801,1.4422814E7,317416.0,926935791,2142,-959204706,15218056,13223552,7736064,16353192,5757488,$SDKMAN_DIR/candidates/java/25.0.4-librca,BellSoft,OpenJDK 64-Bit Server VM,25.0.4+9-LTS,fory,535,80,635,60,2228,2168,998,1633,deserialize,10,154274,124,20260812,5,1,5165288,1792272,8435808,38728,true,53631210,14777001,144228140,87740186,23771138,56487954,2856744
81,1.2454486E7,,73722183,2142,-959204706,8359384,8359384,7247920,7617552,5544128,$SDKMAN_DIR/candidates/java/25.0.4-librca,BellSoft,OpenJDK 64-Bit Server VM,25.0.4+9-LTS,kotlinx,63,80,16,,1077,1077,998,1014,deserialize,1,154319,125,20260812,5,1,863600,1791024,280792,,true,9796386,11638311,12454486,2658100,18445051,9796386,0
81,3.8763297E7,,100265306,2142,-959204706,10242624,10242624,7328528,8415560,5604264,$SDKMAN_DIR/candidates/java/25.0.4-librca,BellSoft,OpenJDK 64-Bit Server VM,25.0.4+9-LTS,gson,197,80,197,,1392,1392,998,1195,deserialize,1,154341,126,20260812,5,1,1831080,1792272,1273568,,true,24637889,11196736,38763297,14125408,17564284,24637889,0
-1473038263736110079,201198.59,84999.40404040404,83167814,2142,-959204706,10148648,8359384,7247920,7617552,5186184,$SDKMAN_DIR/candidates/java/25.0.4-librca,BellSoft,OpenJDK 64-Bit Server VM,25.0.4+9-LTS,kotlinx,63,80,16,0,1077,1077,998,1014,deserialize,100,154363,127,20260812,5,1,863600,1791024,280792,851888,true,8981144,11362319,20119859,2723774,18549899,17396085,8414941
-7711186731443673343,503231.58,114236.74747474748,116853222,2142,-959204706,12802584,10290840,7328528,8415560,5604264,$SDKMAN_DIR/candidates/java/25.0.4-librca,BellSoft,OpenJDK 64-Bit Server VM,25.0.4+9-LTS,gson,198,80,197,25,1418,1393,998,1195,serialize,100,154389,128,20260812,5,1,1854848,1792272,1273568,1620208,true,23223192,12548284,50323158,15790528,19270883,34532630,11309438
2185675431948801,4167729.0,215896.33333333334,106166892,2142,-959204706,11316176,10242624,7328528,8415560,5246320,$SDKMAN_DIR/candidates/java/25.0.4-librca,BellSoft,OpenJDK 64-Bit Server VM,25.0.4+9-LTS,gson,197,80,197,0,1392,1392,998,1195,deserialize,10,154413,129,20260812,5,1,1831080,1792272,1273568,96696,true,25406353,12162933,41677290,14327870,18385478,27349420,1943067
-1473038263736110079,662671.27,182170.64646464647,139114211,2142,-959204706,13138440,10242624,7328528,8415560,5246320,$SDKMAN_DIR/candidates/java/25.0.4-librca,BellSoft,OpenJDK 64-Bit Server VM,25.0.4+9-LTS,gson,197,80,197,27,1419,1392,998,1195,deserialize,100,154434,130,20260812,5,1,1831080,1792272,1273568,1934040,true,29396753,14016511,66267127,18835480,21662408,47431647,18034894
-7711186731443673343,193982.72,63144.21212121212,86413104,2142,-959204706,9080312,8362480,7247920,7617552,5186184,$SDKMAN_DIR/candidates/java/25.0.4-librca,BellSoft,OpenJDK 64-Bit Server VM,25.0.4+9-LTS,kotlinx,69,80,16,0,1083,1083,998,1014,serialize,100,154457,131,20260812,5,1,1037744,1791024,280792,303736,true,10030057,12803275,19398272,3116938,19513962,16281334,6251277
-1473038263736110079,1503760.12,210122.52525252526,867481234,2142,-959204706,6473336,12540984,7736064,16353192,6115432,$SDKMAN_DIR/candidates/java/25.0.4-librca,BellSoft,OpenJDK 64-Bit Server VM,25.0.4+9-LTS,fory,530,80,635,229,2392,2163,998,1633,deserialize,100,154481,132,20260812,5,1,5165568,1792272,8435808,1289232,true,49974610,12167353,150376012,79599272,18695634,70776740,20802130
-7711186731443673343,1368871.88,163448.25252525252,867132830,2142,-959204706,19709088,10265864,7736064,16353192,5757488,$SDKMAN_DIR/candidates/java/25.0.4-librca,BellSoft,OpenJDK 64-Bit Server VM,25.0.4+9-LTS,fory,406,80,635,298,2337,2039,998,1633,serialize,100,154525,133,20260812,5,1,4601224,1792272,8435808,1060208,true,45074587,11544163,136887188,75631224,19532689,61255964,16181377
2185675431948801,1523031.1,213761.33333333334,79523507,2142,-959204706,9075080,8359384,7247920,7617552,5186184,$SDKMAN_DIR/candidates/java/25.0.4-librca,BellSoft,OpenJDK 64-Bit Server VM,25.0.4+9-LTS,kotlinx,63,80,16,0,1077,1077,998,1014,deserialize,10,154571,134,20260812,5,1,863600,1791024,280792,77856,true,10185302,12661607,15230311,3121157,18657673,12109154,1923852
2173,1.16925757E8,,184145415,2142,-959204706,5942552,5942552,7436096,18212792,5568176,$SDKMAN_DIR/candidates/java/25.0.4-librca,BellSoft,OpenJDK 64-Bit Server VM,25.0.4+9-LTS,jackson,282,80,601,,1881,1881,998,1599,serialize,1,154592,135,20260812,5,1,3464160,1792272,10591328,,true,43413223,12432273,116925757,73512534,19367446,43413223,0
2173,1.2079936E7,,72136400,2142,-959204706,8362480,8362480,7247920,7617552,5544128,$SDKMAN_DIR/candidates/java/25.0.4-librca,BellSoft,OpenJDK 64-Bit Server VM,25.0.4+9-LTS,kotlinx,69,80,16,,1083,1083,998,1014,serialize,1,154615,136,20260812,5,1,1037744,1791024,280792,,true,9350232,11306273,12079936,2729704,17479884,9350232,0
2173,1.25345087E8,,863526728,2142,-959204706,10030520,10030520,7736064,16353192,5757488,$SDKMAN_DIR/candidates/java/25.0.4-librca,BellSoft,OpenJDK 64-Bit Server VM,25.0.4+9-LTS,fory,396,80,635,,2029,2029,998,1633,serialize,1,154637,137,20260812,5,1,4601224,1792272,8435808,,true,46027660,12823022,125345087,79317427,19317902,46027660,0
81,1.40666625E8,,207166280,2142,-959204706,9479096,9479096,7436096,18147344,5210232,$SDKMAN_DIR/candidates/java/25.0.4-librca,BellSoft,OpenJDK 64-Bit Server VM,25.0.4+9-LTS,jackson,400,80,601,,1999,1999,998,1599,deserialize,1,154682,138,20260812,5,1,6925640,1792272,10591968,,true,58997759,13790633,140666625,81668866,19765749,58997759,0
2173,3.8174559E7,,104541973,2142,-959204706,10290840,10290840,7328528,8415560,5604264,$SDKMAN_DIR/candidates/java/25.0.4-librca,BellSoft,OpenJDK 64-Bit Server VM,25.0.4+9-LTS,gson,198,80,197,,1393,1393,998,1195,serialize,1,154705,139,20260812,5,1,1854848,1792272,1273568,,true,22392528,11025591,38174559,15782031,20191233,22392528,0
59341087977409921,4276702.6,199529.66666666666,107192279,2142,-959204706,11008672,10290840,7328528,8415560,5246320,$SDKMAN_DIR/candidates/java/25.0.4-librca,BellSoft,OpenJDK 64-Bit Server VM,25.0.4+9-LTS,gson,198,80,197,0,1393,1393,998,1195,serialize,10,154726,140,20260812,5,1,1854848,1792272,1273568,75888,true,25577824,11498608,42767026,15393435,18654205,27373591,1795767
2185675431948801,1.29452076E7,305283.1111111111,194899160,2142,-959204706,10014976,9657128,7436096,18148248,5568176,$SDKMAN_DIR/candidates/java/25.0.4-librca,BellSoft,OpenJDK 64-Bit Server VM,25.0.4+9-LTS,jackson,400,80,601,0,1999,1999,998,1599,deserialize,10,154747,141,20260812,5,1,6925640,1792272,10591296,66312,true,60501696,11936885,129452076,66202832,19021802,63249244,2747548
-1473038263736110079,1501767.4,179512.9898989899,222448485,2142,-959204706,11642304,9656048,7436096,18147368,5210232,$SDKMAN_DIR/candidates/java/25.0.4-librca,BellSoft,OpenJDK 64-Bit Server VM,25.0.4+9-LTS,jackson,400,80,601,27,2026,1999,998,1599,deserialize,100,154769,142,20260812,5,1,6925640,1792272,10590400,1608024,true,58766944,13776306,150176740,73638010,21748480,76538730,17771786
81,1.38886679E8,,865464333,2142,-959204706,13025568,13025568,7736064,16353192,5757488,$SDKMAN_DIR/candidates/java/25.0.4-librca,BellSoft,OpenJDK 64-Bit Server VM,25.0.4+9-LTS,fory,526,80,635,,2161,2159,998,1633,deserialize,1,154792,143,20260812,5,1,5165424,1792272,8435808,,true,53285312,14235405,138886679,85601367,22773239,53285312,0
-1473038263736110079,209827.82,89566.64646464646,85413781,2142,-959204706,10148648,8359384,7247920,7617552,5544128,$SDKMAN_DIR/candidates/java/25.0.4-librca,BellSoft,OpenJDK 64-Bit Server VM,25.0.4+9-LTS,kotlinx,63,80,16,0,1077,1077,998,1014,deserialize,100,154838,144,20260812,6,1,863600,1791024,280792,852560,true,9386240,11495410,20982782,2729444,18432386,18253338,8867098
59341087977409921,4260488.2,191873.0,107221203,2142,-959204706,11366520,10290840,7328528,8415560,5246320,$SDKMAN_DIR/candidates/java/25.0.4-librca,BellSoft,OpenJDK 64-Bit Server VM,25.0.4+9-LTS,gson,198,80,197,0,1393,1393,998,1195,serialize,10,154866,145,20260812,6,1,1854848,1792272,1273568,75888,true,24875548,12440690,42604882,16002477,18627204,26602405,1726857
-7711186731443673343,502620.51,110120.88888888889,113566978,2142,-959204706,12802584,10290840,7328528,8415560,5604264,$SDKMAN_DIR/candidates/java/25.0.4-librca,BellSoft,OpenJDK 64-Bit Server VM,25.0.4+9-LTS,gson,198,80,197,25,1418,1393,998,1195,serialize,100,154887,146,20260812,6,1,1854848,1792272,1273568,1620040,true,23970594,11807100,50262051,15389489,18799330,34872562,10901968
81,1.30758415E8,,850041072,2142,-959204706,12897176,12897176,7736064,16353192,5757488,$SDKMAN_DIR/candidates/java/25.0.4-librca,BellSoft,OpenJDK 64-Bit Server VM,25.0.4+9-LTS,fory,533,80,635,,2167,2166,998,1633,deserialize,1,154910,147,20260812,6,1,5165288,1792272,8435808,,true,51031134,12608286,130758415,79727281,19377284,51031134,0
-7711186731443673343,1433362.14,244862.08080808082,884103835,2142,-959204706,5939128,10251976,7736064,16353192,5757488,$SDKMAN_DIR/candidates/java/25.0.4-librca,BellSoft,OpenJDK 64-Bit Server VM,25.0.4+9-LTS,fory,408,80,635,303,2344,2041,998,1633,serialize,100,154956,148,20260812,6,1,4601224,1792272,8435808,1060592,true,46076310,14039443,143336214,73018558,21930704,70317656,24241346
81,1.3362523E7,,78207283,2142,-959204706,8359384,8359384,7247920,7617552,5544128,$SDKMAN_DIR/candidates/java/25.0.4-librca,BellSoft,OpenJDK 64-Bit Server VM,25.0.4+9-LTS,kotlinx,63,80,16,,1077,1077,998,1014,deserialize,1,155001,149,20260812,6,1,863600,1791024,280792,,true,10251777,12848171,13362523,3110746,18812604,10251777,0
81,3.7747542E7,,103102668,2142,-959204706,10242624,10242624,7328528,8415560,5246320,$SDKMAN_DIR/candidates/java/25.0.4-librca,BellSoft,OpenJDK 64-Bit Server VM,25.0.4+9-LTS,gson,197,80,197,,1392,1392,998,1195,deserialize,1,155023,150,20260812,6,1,1831080,1792272,1273568,,true,22957759,12354836,37747542,14789783,19427979,22957759,0
2173,1.505158E7,,77945469,2142,-959204706,8362480,8362480,7247920,7617552,5186184,$SDKMAN_DIR/candidates/java/25.0.4-librca,BellSoft,OpenJDK 64-Bit Server VM,25.0.4+9-LTS,kotlinx,69,80,16,,1083,1083,998,1014,serialize,1,155044,151,20260812,6,1,1037744,1791024,280792,,true,11684178,12952597,15051580,3367402,17774020,11684178,0
81,1.33550247E8,,197295537,2142,-959204706,9479176,9479176,7436096,18147336,5568176,$SDKMAN_DIR/candidates/java/25.0.4-librca,BellSoft,OpenJDK 64-Bit Server VM,25.0.4+9-LTS,jackson,400,80,601,,1999,1999,998,1599,deserialize,1,155066,152,20260812,6,1,6925640,1792272,10592864,,true,60147243,11725174,133550247,73403004,17855854,60147243,0
-7711186731443673343,190107.51,60733.80808080808,83714032,2142,-959204706,9080312,8362480,7247920,7617552,5186184,$SDKMAN_DIR/candidates/java/25.0.4-librca,BellSoft,OpenJDK 64-Bit Server VM,25.0.4+9-LTS,kotlinx,69,80,16,0,1083,1083,998,1014,serialize,100,155088,153,20260812,6,1,1037744,1791024,280792,303736,true,10033594,12207637,19010751,2964510,18706875,16046241,6012647
2173,1.20823857E8,,859248417,2142,-959204706,10529744,10529744,7736064,16353192,5757488,$SDKMAN_DIR/candidates/java/25.0.4-librca,BellSoft,OpenJDK 64-Bit Server VM,25.0.4+9-LTS,fory,398,80,635,,2033,2031,998,1633,serialize,1,155111,154,20260812,6,1,4603576,1792272,8435808,,true,42720569,12752189,120823857,78103288,20033885,42720569,0
2173,1.11272374E8,,174311057,2142,-959204706,6129864,6129864,7436096,18147360,5568176,$SDKMAN_DIR/candidates/java/25.0.4-librca,BellSoft,OpenJDK 64-Bit Server VM,25.0.4+9-LTS,jackson,282,80,601,,1881,1881,998,1599,serialize,1,155155,155,20260812,6,1,3464160,1792272,10590304,,true,40899945,11277568,111272374,70372429,18200957,40899945,0
59341087977409921,1673622.7,180517.11111111112,90026806,2142,-959204706,8722464,8362480,7247920,7617552,5186184,$SDKMAN_DIR/candidates/java/25.0.4-librca,BellSoft,OpenJDK 64-Bit Server VM,25.0.4+9-LTS,kotlinx,69,80,16,0,1083,1083,998,1014,serialize,10,155178,156,20260812,6,1,1037744,1791024,280792,28456,true,11955510,14184468,16736227,3156063,21706560,13580164,1624654
59341087977409921,1.19991032E7,196971.66666666666,186249336,2142,-959204706,6490288,6132440,7436096,18147336,5210232,$SDKMAN_DIR/candidates/java/25.0.4-librca,BellSoft,OpenJDK 64-Bit Server VM,25.0.4+9-LTS,jackson,282,80,601,2,1883,1881,998,1599,serialize,10,155200,157,20260812,6,1,3464160,1792272,10592128,38536,true,46426723,11801999,119991032,71791564,19372626,48199468,1772745
-7711186731443673343,1325466.47,120840.15151515152,200287536,2142,-959204706,7027224,5927608,7436096,18150232,5210232,$SDKMAN_DIR/candidates/java/25.0.4-librca,BellSoft,OpenJDK 64-Bit Server VM,25.0.4+9-LTS,jackson,282,80,601,27,1908,1881,998,1599,serialize,100,155222,158,20260812,6,1,3464160,1792272,10591424,1126056,true,45387246,12696723,132546647,75196226,19245213,57350421,11963175
2173,3.9270632E7,,103472115,2142,-959204706,10290840,10290840,7328528,8415560,5604264,$SDKMAN_DIR/candidates/java/25.0.4-librca,BellSoft,OpenJDK 64-Bit Server VM,25.0.4+9-LTS,gson,198,80,197,,1393,1393,998,1195,serialize,1,155245,159,20260812,6,1,1854848,1792272,1273568,,true,23685374,11676161,39270632,15585258,18717595,23685374,0
2185675431948801,1.44318607E7,413739.44444444444,883484491,2142,-959204706,17345672,14302656,7736064,16353192,5757488,$SDKMAN_DIR/candidates/java/25.0.4-librca,BellSoft,OpenJDK 64-Bit Server VM,25.0.4+9-LTS,fory,578,80,635,52,2263,2211,998,1633,deserialize,10,155267,160,20260812,6,1,5165288,1792272,8435808,38848,true,54648847,13518018,144318607,85946105,21864208,58372502,3723655
2185675431948801,4356020.8,248990.0,109338794,2142,-959204706,11316176,10242624,7328528,8415560,5246320,$SDKMAN_DIR/candidates/java/25.0.4-librca,BellSoft,OpenJDK 64-Bit Server VM,25.0.4+9-LTS,gson,197,80,197,0,1392,1392,998,1195,deserialize,10,155313,161,20260812,6,1,1831080,1792272,1273568,96696,true,25024838,12653510,43560208,16294460,19177104,27265748,2240910
2185675431948801,1503095.9,218812.88888888888,78656371,2142,-959204706,8717232,8359384,7247920,7617552,5186184,$SDKMAN_DIR/candidates/java/25.0.4-librca,BellSoft,OpenJDK 64-Bit Server VM,25.0.4+9-LTS,kotlinx,63,80,16,0,1077,1077,998,1014,deserialize,10,155334,162,20260812,6,1,863600,1791024,280792,77856,true,10125077,11842015,15030959,2936566,18950625,12094393,1969316
59341087977409921,1.25546181E7,305346.6666666667,862808645,2142,-959204706,10368224,9290528,7736064,16353192,6115432,$SDKMAN_DIR/candidates/java/25.0.4-librca,BellSoft,OpenJDK 64-Bit Server VM,25.0.4+9-LTS,fory,367,80,635,65,2065,2000,998,1633,serialize,10,155356,163,20260812,6,1,4601224,1792272,8435808,21600,true,43903828,12471968,125546181,78894233,19550821,46651948,2748120
2185675431948801,1.37537066E7,313525.44444444444,200601236,2142,-959204706,10016032,9658184,7436096,18147368,5568176,$SDKMAN_DIR/candidates/java/25.0.4-librca,BellSoft,OpenJDK 64-Bit Server VM,25.0.4+9-LTS,jackson,400,80,601,0,1999,1999,998,1599,deserialize,10,155401,164,20260812,6,1,6925640,1792272,10592768,66312,true,63757773,11214517,137537066,70957564,17430379,66579502,2821729
-1473038263736110079,495025.51,136596.0202020202,109229958,2142,-959204706,13138440,10242624,7328528,8415560,5246320,$SDKMAN_DIR/candidates/java/25.0.4-librca,BellSoft,OpenJDK 64-Bit Server VM,25.0.4+9-LTS,gson,197,80,197,27,1419,1392,998,1195,deserialize,100,155424,165,20260812,6,1,1831080,1792272,1273568,1934088,true,22224410,10958153,49502551,13755135,17217667,35747416,13523006
-1473038263736110079,1395268.49,203037.67676767678,812001117,2142,-959204706,7130712,13800920,7736064,16353192,5757488,$SDKMAN_DIR/candidates/java/25.0.4-librca,BellSoft,OpenJDK 64-Bit Server VM,25.0.4+9-LTS,fory,576,80,635,215,2424,2209,998,1633,deserialize,100,155447,166,20260812,6,1,5165288,1792272,8435808,1288968,true,49258459,11557677,139526849,70167660,18180339,69359189,20100730
-1473038263736110079,1438666.7,206473.47474747474,205113873,2142,-959204706,11643912,9478600,7436096,18147344,5210232,$SDKMAN_DIR/candidates/java/25.0.4-librca,BellSoft,OpenJDK 64-Bit Server VM,25.0.4+9-LTS,jackson,400,80,601,27,2026,1999,998,1599,deserialize,100,155493,167,20260812,6,1,6925640,1792272,10592832,1608024,true,57173144,11321041,143866670,66252652,17197518,77614018,20440874
-7711186731443673343,177861.12,57604.444444444445,78408693,2142,-959204706,8722464,8362480,7247920,7617552,5544128,$SDKMAN_DIR/candidates/java/25.0.4-librca,BellSoft,OpenJDK 64-Bit Server VM,25.0.4+9-LTS,kotlinx,69,80,16,0,1083,1083,998,1014,serialize,100,155516,168,20260812,7,1,1037744,1791024,280792,303736,true,9385268,11404948,17786112,2698004,17040271,15088108,5702840
59341087977409921,1.23656594E7,351913.6666666667,849000254,2142,-959204706,11869104,10436688,7736064,16353192,5757488,$SDKMAN_DIR/candidates/java/25.0.4-librca,BellSoft,OpenJDK 64-Bit Server VM,25.0.4+9-LTS,fory,446,80,635,92,2171,2079,998,1633,serialize,10,155540,169,20260812,7,1,4601224,1792272,8435808,21600,true,47122919,11267698,123656594,73366452,17515621,50290142,3167223
81,1.5599233E7,,89384419,2142,-959204706,8359384,8359384,7247920,7617552,5186184,$SDKMAN_DIR/candidates/java/25.0.4-librca,BellSoft,OpenJDK 64-Bit Server VM,25.0.4+9-LTS,kotlinx,63,80,16,,1077,1077,998,1014,deserialize,1,155586,170,20260812,7,1,863600,1791024,280792,,true,11966190,14426676,15599233,3633043,22892592,11966190,0
81,1.32047489E8,,192721726,2142,-959204706,9450648,9450648,7436096,18028552,5568176,$SDKMAN_DIR/candidates/java/25.0.4-librca,BellSoft,OpenJDK 64-Bit Server VM,25.0.4+9-LTS,jackson,400,80,601,,1999,1999,998,1599,deserialize,1,155607,171,20260812,7,1,6925640,1792272,10589888,,true,61737610,11100172,132047489,70309879,17188320,61737610,0
2185675431948801,1.34472745E7,295515.77777777775,200432904,2142,-959204706,10193312,9656528,7436096,18147368,5210232,$SDKMAN_DIR/candidates/java/25.0.4-librca,BellSoft,OpenJDK 64-Bit Server VM,25.0.4+9-LTS,jackson,400,80,601,0,1999,1999,998,1599,deserialize,10,155630,172,20260812,7,1,6925640,1792272,10590464,66312,true,62195315,12235280,134472745,69617788,19595224,64854957,2659642
2185675431948801,1.32613135E7,301223.1111111111,864391515,2142,-959204706,15361224,13384808,7736064,16353192,5757488,$SDKMAN_DIR/candidates/java/25.0.4-librca,BellSoft,OpenJDK 64-Bit Server VM,25.0.4+9-LTS,fory,532,80,635,59,2224,2165,998,1633,deserialize,10,155652,173,20260812,7,1,5167640,1792272,8435808,38760,true,49112702,12811210,132613135,80789425,19713348,51823710,2711008
2173,1.27449004E8,,202601644,2142,-959204706,6131456,6131456,7436096,18147360,5210232,$SDKMAN_DIR/candidates/java/25.0.4-librca,BellSoft,OpenJDK 64-Bit Server VM,25.0.4+9-LTS,jackson,282,80,601,,1881,1881,998,1599,serialize,1,155696,174,20260812,7,1,3464160,1792272,10590912,,true,48141394,15599074,127449004,79307610,22371557,48141394,0
59341087977409921,1.10807119E7,210287.88888888888,176792664,2142,-959204706,6309360,5951512,7436096,18147344,5568176,$SDKMAN_DIR/candidates/java/25.0.4-librca,BellSoft,OpenJDK 64-Bit Server VM,25.0.4+9-LTS,jackson,282,80,601,2,1883,1881,998,1599,serialize,10,155719,175,20260812,7,1,3464160,1792272,10590784,38536,true,42751777,11785087,110807119,66162751,19281971,44644368,1892591
2173,1.1675512E8,,836447186,2142,-959204706,10597112,10597112,7736064,16353192,5757488,$SDKMAN_DIR/candidates/java/25.0.4-librca,BellSoft,OpenJDK 64-Bit Server VM,25.0.4+9-LTS,fory,439,80,635,,2072,2072,998,1633,serialize,1,155741,176,20260812,7,1,4601224,1792272,8435808,,true,44664695,11548520,116755120,72090425,17811389,44664695,0
-7711186731443673343,1268967.3,116514.58585858585,193494322,2142,-959204706,7556744,6131968,7436096,18147352,5568176,$SDKMAN_DIR/candidates/java/25.0.4-librca,BellSoft,OpenJDK 64-Bit Server VM,25.0.4+9-LTS,jackson,282,80,601,27,1908,1881,998,1599,serialize,100,155786,177,20260812,7,1,3464160,1792272,10590912,1126056,true,43495785,12007748,126896730,71866001,18971124,55030729,11534944
81,3.8298179E7,,102080327,2142,-959204706,10242624,10242624,7328528,8415560,5604264,$SDKMAN_DIR/candidates/java/25.0.4-librca,BellSoft,OpenJDK 64-Bit Server VM,25.0.4+9-LTS,gson,197,80,197,,1392,1392,998,1195,deserialize,1,155809,178,20260812,7,1,1831080,1792272,1273568,,true,23077011,12177260,38298179,15221168,17615378,23077011,0
-1473038263736110079,1405618.54,216386.9797979798,898345079,2142,-959204706,7456336,12954432,7736064,16353192,6115432,$SDKMAN_DIR/candidates/java/25.0.4-librca,BellSoft,OpenJDK 64-Bit Server VM,25.0.4+9-LTS,fory,525,80,635,227,2385,2158,998,1633,deserialize,100,155830,179,20260812,7,1,5165288,1792272,8435808,1289264,true,47666295,11877901,140561854,71473248,19718539,69088606,21422311
2173,1.3668341E7,,84946198,2142,-959204706,8362480,8362480,7247920,7617552,5186184,$SDKMAN_DIR/candidates/java/25.0.4-librca,BellSoft,OpenJDK 64-Bit Server VM,25.0.4+9-LTS,kotlinx,69,80,16,,1083,1083,998,1014,serialize,1,155876,180,20260812,7,1,1037744,1791024,280792,,true,10338441,13978416,13668341,3329900,21892862,10338441,0
59341087977409921,3866925.1,179929.33333333334,100330826,2142,-959204706,11366520,10290840,7328528,8415560,5246320,$SDKMAN_DIR/candidates/java/25.0.4-librca,BellSoft,OpenJDK 64-Bit Server VM,25.0.4+9-LTS,gson,198,80,197,0,1393,1393,998,1195,serialize,10,155898,181,20260812,7,1,1854848,1792272,1273568,75888,true,22809535,11581722,38669251,14240352,17872205,24428899,1619364
-7711186731443673343,631527.46,169369.33333333334,149244660,2142,-959204706,12802584,10290840,7328528,8415560,5246320,$SDKMAN_DIR/candidates/java/25.0.4-librca,BellSoft,OpenJDK 64-Bit Server VM,25.0.4+9-LTS,gson,198,80,197,25,1418,1393,998,1195,serialize,100,155920,182,20260812,7,1,1854848,1792272,1273568,1620040,true,28156352,18037857,63152746,18228830,19218682,44923916,16767564
-1473038263736110079,648481.61,179960.77777777778,134067704,2142,-959204706,13496288,10242624,7328528,8415560,5246320,$SDKMAN_DIR/candidates/java/25.0.4-librca,BellSoft,OpenJDK 64-Bit Server VM,25.0.4+9-LTS,gson,197,80,197,27,1419,1392,998,1195,deserialize,100,155943,183,20260812,7,1,1831080,1792272,1273568,1934040,true,28765064,13679962,64848161,18266980,20276854,46581181,17816117
2173,4.4576009E7,,113267862,2142,-959204706,10290840,10290840,7328528,8415560,5604264,$SDKMAN_DIR/candidates/java/25.0.4-librca,BellSoft,OpenJDK 64-Bit Server VM,25.0.4+9-LTS,gson,198,80,197,,1393,1393,998,1195,serialize,1,155967,184,20260812,7,1,1854848,1792272,1273568,,true,27871423,12741216,44576009,16704586,18651168,27871423,0
-7711186731443673343,1704534.67,188964.18181818182,918766576,2142,-959204706,19797000,10508096,7736064,16353192,5757488,$SDKMAN_DIR/candidates/java/25.0.4-librca,BellSoft,OpenJDK 64-Bit Server VM,25.0.4+9-LTS,fory,423,80,635,284,2340,2056,998,1633,serialize,100,155988,185,20260812,7,1,4601224,1792272,8435808,1060112,true,52646127,15903941,170453467,99099886,23691945,71353581,18707454
-1473038263736110079,1596450.55,165619.51515151514,226444379,2142,-959204706,11643656,9478456,7436096,18147344,5568176,$SDKMAN_DIR/candidates/java/25.0.4-librca,BellSoft,OpenJDK 64-Bit Server VM,25.0.4+9-LTS,jackson,400,80,601,27,2026,1999,998,1599,deserialize,100,156033,186,20260812,7,1,6925640,1792272,10591488,1607552,true,67429344,11788083,159645055,75819379,18696314,83825676,16396332
-1473038263736110079,213094.28,85928.83838383839,86907157,2142,-959204706,10148648,8359384,7247920,7617552,5186184,$SDKMAN_DIR/candidates/java/25.0.4-librca,BellSoft,OpenJDK 64-Bit Server VM,25.0.4+9-LTS,kotlinx,63,80,16,0,1077,1077,998,1014,deserialize,100,156056,187,20260812,7,1,863600,1791024,280792,851960,true,9707737,12610167,21309428,3094736,19233581,18214692,8506955
2185675431948801,1362281.4,207423.55555555556,78102489,2142,-959204706,8717232,8359384,7247920,7617552,5186184,$SDKMAN_DIR/candidates/java/25.0.4-librca,BellSoft,OpenJDK 64-Bit Server VM,25.0.4+9-LTS,kotlinx,63,80,16,0,1077,1077,998,1014,deserialize,10,156083,188,20260812,7,1,863600,1791024,280792,77856,true,8934653,12968196,13622814,2821349,19208241,10801465,1866812
81,1.16863474E8,,820113856,2142,-959204706,12827848,12827848,7736064,16353192,6115432,$SDKMAN_DIR/candidates/java/25.0.4-librca,BellSoft,OpenJDK 64-Bit Server VM,25.0.4+9-LTS,fory,520,80,635,,2153,2153,998,1633,deserialize,1,156105,189,20260812,7,1,5165288,1792272,8435808,,true,46648859,11620916,116863474,70214615,18193312,46648859,0
59341087977409921,1445415.8,167501.33333333334,76082816,2142,-959204706,8722464,8362480,7247920,7617552,5544128,$SDKMAN_DIR/candidates/java/25.0.4-librca,BellSoft,OpenJDK 64-Bit Server VM,25.0.4+9-LTS,kotlinx,69,80,16,0,1083,1083,998,1014,serialize,10,156150,190,20260812,7,1,1037744,1791024,280792,28456,true,9972107,11394659,14454158,2974539,18660805,11479619,1507512
2185675431948801,3958040.6,246486.44444444444,103860132,2142,-959204706,11674024,10242624,7328528,8415560,5604264,$SDKMAN_DIR/candidates/java/25.0.4-librca,BellSoft,OpenJDK 64-Bit Server VM,25.0.4+9-LTS,gson,197,80,197,0,1392,1392,998,1195,deserialize,10,156171,191,20260812,7,1,1831080,1792272,1273568,96696,true,23306355,12044858,39580406,14055673,17762117,25524733,2218378
81,1.1816272E8,,896820838,2142,-959204706,13180368,13180368,7736064,16353192,5757488,$SDKMAN_DIR/candidates/java/25.0.4-librca,BellSoft,OpenJDK 64-Bit Server VM,25.0.4+9-LTS,fory,545,80,635,,2178,2178,998,1633,deserialize,1,156193,192,20260812,8,1,5165312,1792272,8435808,,true,47106024,11424404,118162720,71056696,20112363,47106024,0
2173,1.2877213E7,,76346956,2142,-959204706,8362480,8362480,7247920,7617552,5186184,$SDKMAN_DIR/candidates/java/25.0.4-librca,BellSoft,OpenJDK 64-Bit Server VM,25.0.4+9-LTS,kotlinx,69,80,16,,1083,1083,998,1014,serialize,1,156239,193,20260812,8,1,1037744,1791024,280792,,true,9907305,11866331,12877213,2969908,18982083,9907305,0
-7711186731443673343,173036.66,55515.444444444445,80088846,2142,-959204706,9080312,8362480,7247920,7617552,5544128,$SDKMAN_DIR/candidates/java/25.0.4-librca,BellSoft,OpenJDK 64-Bit Server VM,25.0.4+9-LTS,kotlinx,69,80,16,0,1083,1083,998,1014,serialize,100,156261,194,20260812,8,1,1037744,1791024,280792,303736,true,9137306,11296894,17303666,2670331,18512445,14633335,5496029
-1473038263736110079,1475041.62,219896.0303030303,859987084,2142,-959204706,6617952,12735528,7736064,16353192,5757488,$SDKMAN_DIR/candidates/java/25.0.4-librca,BellSoft,OpenJDK 64-Bit Server VM,25.0.4+9-LTS,fory,560,80,635,215,2408,2193,998,1633,deserialize,100,156284,195,20260812,8,1,5165448,1792272,8435808,1289000,true,49845936,11267006,147504162,75888519,17727371,71615643,21769707
2173,1.21374906E8,,192288694,2142,-959204706,6131264,6131264,7436096,18147368,5210232,$SDKMAN_DIR/candidates/java/25.0.4-librca,BellSoft,OpenJDK 64-Bit Server VM,25.0.4+9-LTS,jackson,282,80,601,,1881,1881,998,1599,serialize,1,156328,196,20260812,8,1,3464160,1792272,10592320,,true,46920382,12355546,121374906,74454524,20872279,46920382,0
-7711186731443673343,582941.31,135359.0303030303,122407900,2142,-959204706,12802584,10290840,7328528,8415560,5604264,$SDKMAN_DIR/candidates/java/25.0.4-librca,BellSoft,OpenJDK 64-Bit Server VM,25.0.4+9-LTS,gson,198,80,197,25,1418,1393,998,1195,serialize,100,156351,197,20260812,8,1,1854848,1792272,1273568,1620040,true,28213479,12087369,58294131,16680108,18172672,41614023,13400544
-1473038263736110079,1555766.65,178682.80808080808,221030599,2142,-959204706,11644872,9479608,7436096,18147344,5210232,$SDKMAN_DIR/candidates/java/25.0.4-librca,BellSoft,OpenJDK 64-Bit Server VM,25.0.4+9-LTS,jackson,400,80,601,27,2026,1999,998,1599,deserialize,100,156373,198,20260812,8,1,6925640,1792272,10592896,1608024,true,63957886,12264715,155576665,73929181,18834003,81647484,17689598
-7711186731443673343,1319813.1,160601.12121212122,876984373,2142,-959204706,18974152,9471088,7736064,16353192,6115432,$SDKMAN_DIR/candidates/java/25.0.4-librca,BellSoft,OpenJDK 64-Bit Server VM,25.0.4+9-LTS,fory,392,80,635,307,2332,2025,998,1633,serialize,100,156396,199,20260812,8,1,4601224,1792272,8435808,1060176,true,43260506,12966733,131981310,72821293,19179697,59160017,15899511
59341087977409921,1434317.9,176442.77777777778,75262633,2142,-959204706,8722464,8362480,7247920,7617552,5544128,$SDKMAN_DIR/candidates/java/25.0.4-librca,BellSoft,OpenJDK 64-Bit Server VM,25.0.4+9-LTS,kotlinx,69,80,16,0,1083,1083,998,1014,serialize,10,156440,200,20260812,8,1,1037744,1791024,280792,28456,true,9992275,11416469,14343179,2762919,17813763,11580260,1587985
59341087977409921,1.19840542E7,207945.66666666666,182724316,2142,-959204706,5951264,5951264,7436096,18147352,5210232,$SDKMAN_DIR/candidates/java/25.0.4-librca,BellSoft,OpenJDK 64-Bit Server VM,25.0.4+9-LTS,jackson,282,80,601,2,1883,1881,998,1599,serialize,10,156462,201,20260812,8,1,3464160,1792272,10590272,38536,true,44464143,11792461,119840542,73504888,17567015,46335654,1871511
-7711186731443673343,1296692.47,116146.0,201988131,2142,-959204706,7375528,5950712,7436096,18147360,5210232,$SDKMAN_DIR/candidates/java/25.0.4-librca,BellSoft,OpenJDK 64-Bit Server VM,25.0.4+9-LTS,jackson,282,80,601,27,1908,1881,998,1599,serialize,100,156485,202,20260812,8,1,3464160,1792272,10591616,1126056,true,45960145,13897032,129669247,72210648,21816856,57458599,11498454
2185675431948801,1.33947551E7,382199.77777777775,832954040,2142,-959204706,14733128,12995360,7736064,16353192,5757488,$SDKMAN_DIR/candidates/java/25.0.4-librca,BellSoft,OpenJDK 64-Bit Server VM,25.0.4+9-LTS,fory,514,80,635,86,2233,2147,998,1633,deserialize,10,156508,203,20260812,8,1,5165312,1792272,8435808,38856,true,51114645,12635455,133947551,79393108,19875584,54554443,3439798
2185675431948801,4002629.6,233259.0,106509420,2142,-959204706,11318072,10244520,7328528,8410272,5604264,$SDKMAN_DIR/candidates/java/25.0.4-librca,BellSoft,OpenJDK 64-Bit Server VM,25.0.4+9-LTS,gson,197,80,197,0,1392,1392,998,1195,deserialize,10,156555,204,20260812,8,1,1831080,1792272,1273568,96696,true,24098012,13552991,40026296,13828953,19303792,26197343,2099331
-1473038263736110079,504903.56,141679.1616161616,114043583,2142,-959204706,13138440,10242624,7328528,8415560,5246320,$SDKMAN_DIR/candidates/java/25.0.4-librca,BellSoft,OpenJDK 64-Bit Server VM,25.0.4+9-LTS,gson,197,80,197,27,1419,1392,998,1195,deserialize,100,156577,205,20260812,8,1,1831080,1792272,1273568,1934040,true,22580622,11566753,50490356,13883497,19117559,36606859,14026237
81,3.7880248E7,,99982790,2142,-959204706,10242624,10242624,7328528,8415560,5604264,$SDKMAN_DIR/candidates/java/25.0.4-librca,BellSoft,OpenJDK 64-Bit Server VM,25.0.4+9-LTS,gson,197,80,197,,1392,1392,998,1195,deserialize,1,156601,206,20260812,8,1,1831080,1792272,1273568,,true,23540938,11487003,37880248,14339310,17683998,23540938,0
2185675431948801,1419483.3,218904.0,81626191,2142,-959204706,9075080,8359384,7247920,7617552,5186184,$SDKMAN_DIR/candidates/java/25.0.4-librca,BellSoft,OpenJDK 64-Bit Server VM,25.0.4+9-LTS,kotlinx,63,80,16,0,1077,1077,998,1014,deserialize,10,156622,207,20260812,8,1,863600,1791024,280792,77856,true,9440079,11118216,14194833,2784618,21183677,11410215,1970136
2185675431948801,1.47539834E7,353459.77777777775,210991081,2142,-959204706,9837360,9479512,7436096,18147352,5568176,$SDKMAN_DIR/candidates/java/25.0.4-librca,BellSoft,OpenJDK 64-Bit Server VM,25.0.4+9-LTS,jackson,400,80,601,0,1999,1999,998,1599,deserialize,10,156644,208,20260812,8,1,6925640,1792272,10592800,66312,true,68339613,11520717,147539834,76019083,18095286,71520751,3181138
-1473038263736110079,224599.22,94275.0202020202,89103147,2142,-959204706,10148624,8359384,7247920,7617552,5186184,$SDKMAN_DIR/candidates/java/25.0.4-librca,BellSoft,OpenJDK 64-Bit Server VM,25.0.4+9-LTS,kotlinx,63,80,16,0,1077,1077,998,1014,deserialize,100,156667,209,20260812,8,1,863600,1791024,280792,850824,true,10060634,12667966,22459922,3066061,19257335,19393861,9333227
2173,4.5185379E7,,116932879,2142,-959204706,10290840,10290840,7328528,8415560,5246320,$SDKMAN_DIR/candidates/java/25.0.4-librca,BellSoft,OpenJDK 64-Bit Server VM,25.0.4+9-LTS,gson,198,80,197,,1393,1393,998,1195,serialize,1,156692,210,20260812,8,1,1854848,1792272,1273568,,true,26995975,14281249,45185379,18189404,22039598,26995975,0
81,1.3615758E7,,78240337,2142,-959204706,8359384,8359384,7247920,7617552,5186184,$SDKMAN_DIR/candidates/java/25.0.4-librca,BellSoft,OpenJDK 64-Bit Server VM,25.0.4+9-LTS,kotlinx,63,80,16,,1077,1077,998,1014,deserialize,1,156713,211,20260812,8,1,863600,1791024,280792,,true,10589494,12461897,13615758,3026264,18858249,10589494,0
59341087977409921,1.24104267E7,353537.8888888889,892145184,2142,-959204706,12261568,11058896,7736064,16353192,5757488,$SDKMAN_DIR/candidates/java/25.0.4-librca,BellSoft,OpenJDK 64-Bit Server VM,25.0.4+9-LTS,fory,451,80,635,104,2188,2084,998,1633,serialize,10,156735,212,20260812,8,1,4601224,1792272,8435808,21760,true,43255937,12952074,124104267,77666489,19848062,46437778,3181841
2173,1.20351766E8,,837312139,2142,-959204706,10070896,10070896,7736064,16353192,5757488,$SDKMAN_DIR/candidates/java/25.0.4-librca,BellSoft,OpenJDK 64-Bit Server VM,25.0.4+9-LTS,fory,382,80,635,,2015,2015,998,1633,serialize,1,156780,213,20260812,8,1,4601224,1792272,8435808,,true,43154034,12560413,120351766,77197732,19557892,43154034,0
81,1.2684481E8,,189817400,2142,-959204706,9658344,9658344,7436096,18147336,5210232,$SDKMAN_DIR/candidates/java/25.0.4-librca,BellSoft,OpenJDK 64-Bit Server VM,25.0.4+9-LTS,jackson,400,80,601,,1999,1999,998,1599,deserialize,1,156825,214,20260812,8,1,6925640,1792272,10592128,,true,58835521,11110850,126844810,68009289,18128808,58835521,0
59341087977409921,4027675.2,180740.88888888888,107572117,2142,-959204706,11366520,10290840,7328528,8415560,5246320,$SDKMAN_DIR/candidates/java/25.0.4-librca,BellSoft,OpenJDK 64-Bit Server VM,25.0.4+9-LTS,gson,198,80,197,0,1393,1393,998,1195,serialize,10,156848,215,20260812,8,1,1854848,1792272,1273568,75888,true,24090818,12468920,40276752,14559266,19629297,25717486,1626668
-1473038263736110079,214477.75,88878.04040404041,85263561,2142,-959204706,10148648,8359384,7247920,7617552,5544128,$SDKMAN_DIR/candidates/java/25.0.4-librca,BellSoft,OpenJDK 64-Bit Server VM,25.0.4+9-LTS,kotlinx,63,80,16,0,1077,1077,998,1014,deserialize,100,156869,216,20260812,9,1,863600,1791024,280792,851888,true,9671707,12231651,21447775,2977142,18231954,18470633,8798926
2185675431948801,4095043.6,256025.55555555556,104438168,2142,-959204706,11674024,10242624,7328528,8415560,5246320,$SDKMAN_DIR/candidates/java/25.0.4-librca,BellSoft,OpenJDK 64-Bit Server VM,25.0.4+9-LTS,gson,197,80,197,0,1392,1392,998,1195,deserialize,10,156894,217,20260812,9,1,1831080,1792272,1273568,96696,true,24489593,11712901,40950436,14156613,18031313,26793823,2304230
81,1.32372576E8,,195798072,2142,-959204706,9658296,9658296,7436096,18147328,5210232,$SDKMAN_DIR/candidates/java/25.0.4-librca,BellSoft,OpenJDK 64-Bit Server VM,25.0.4+9-LTS,jackson,400,80,601,,1999,1999,998,1599,deserialize,1,156916,218,20260812,9,1,6925640,1792272,10592320,,true,62509732,12307173,132372576,69862844,18111967,62509732,0
2173,1.12868909E8,,177675868,2142,-959204706,6132392,6132392,7436096,18147344,5568176,$SDKMAN_DIR/candidates/java/25.0.4-librca,BellSoft,OpenJDK 64-Bit Server VM,25.0.4+9-LTS,jackson,282,80,601,,1881,1881,998,1599,serialize,1,156939,219,20260812,9,1,3464160,1792272,10592256,,true,44738471,11128975,112868909,68130438,18643392,44738471,0
59341087977409921,1.22729614E7,283666.6666666667,840514745,2142,-959204706,10833560,9926744,7736064,16353192,6115432,$SDKMAN_DIR/candidates/java/25.0.4-librca,BellSoft,OpenJDK 64-Bit Server VM,25.0.4+9-LTS,fory,383,80,635,66,2082,2016,998,1633,serialize,10,156962,220,20260812,9,1,4601224,1792272,8435808,21600,true,41945197,12281686,122729614,78231417,20914578,44498197,2553000
59341087977409921,1366001.3,170664.0,74133964,2142,-959204706,8722464,8362480,7247920,7617552,5186184,$SDKMAN_DIR/candidates/java/25.0.4-librca,BellSoft,OpenJDK 64-Bit Server VM,25.0.4+9-LTS,kotlinx,69,80,16,0,1083,1083,998,1014,serialize,10,157007,221,20260812,9,1,1037744,1791024,280792,28456,true,9366480,11308374,13660013,2757557,17662436,10902456,1535976
2173,1.24202209E8,,882115464,2142,-959204706,10232432,10232432,7736064,16353192,5757488,$SDKMAN_DIR/candidates/java/25.0.4-librca,BellSoft,OpenJDK 64-Bit Server VM,25.0.4+9-LTS,fory,406,80,635,,2040,2039,998,1633,serialize,1,157029,222,20260812,9,1,4601224,1792272,8435808,,true,43625416,12909534,124202209,80576793,20660427,43625416,0
-7711186731443673343,479592.43,107550.74747474748,109298120,2142,-959204706,12802584,10290840,7328528,8415560,5604264,$SDKMAN_DIR/candidates/java/25.0.4-librca,BellSoft,OpenJDK 64-Bit Server VM,25.0.4+9-LTS,gson,198,80,197,25,1418,1393,998,1195,serialize,100,157072,223,20260812,9,1,1854848,1792272,1273568,1620208,true,22989654,11516860,47959243,14322065,17799965,33637178,10647524
59341087977409921,1.16953775E7,193987.11111111112,180544042,2142,-959204706,6286552,5928704,7436096,18150256,5210232,$SDKMAN_DIR/candidates/java/25.0.4-librca,BellSoft,OpenJDK 64-Bit Server VM,25.0.4+9-LTS,jackson,282,80,601,2,1883,1881,998,1599,serialize,10,157095,224,20260812,9,1,3464160,1792272,10592256,38536,true,44158824,11364151,116953775,71049067,18426159,45904708,1745884
-7711186731443673343,181055.45,58779.88888888889,81542901,2142,-959204706,8722464,8362480,7247920,7617552,5186184,$SDKMAN_DIR/candidates/java/25.0.4-librca,BellSoft,OpenJDK 64-Bit Server VM,25.0.4+9-LTS,kotlinx,69,80,16,0,1083,1083,998,1014,serialize,100,157118,225,20260812,9,1,1037744,1791024,280792,303736,true,9481289,11753467,18105545,2805047,19225361,15300498,5819209
-7711186731443673343,1255089.09,109535.71717171717,190423810,2142,-959204706,7734408,6130656,7436096,18147336,5210232,$SDKMAN_DIR/candidates/java/25.0.4-librca,BellSoft,OpenJDK 64-Bit Server VM,25.0.4+9-LTS,jackson,282,80,601,27,1908,1881,998,1599,serialize,100,157142,226,20260812,9,1,3464160,1792272,10591264,1126056,true,45956955,11534412,125508909,68707918,18499338,56800991,10844036
2185675431948801,1.26784182E7,409435.6666666667,867953161,2142,-959204706,14673496,13139880,7736064,16353192,5757488,$SDKMAN_DIR/candidates/java/25.0.4-librca,BellSoft,OpenJDK 64-Bit Server VM,25.0.4+9-LTS,fory,526,80,635,70,2229,2159,998,1633,deserialize,10,157165,227,20260812,9,1,5165288,1792272,8435808,38856,true,50684670,13382698,126784182,72414591,19571147,54369591,3684921
-1473038263736110079,1445898.87,225001.1313131313,844989832,2142,-959204706,6237040,12357120,7736064,16353192,6115432,$SDKMAN_DIR/candidates/java/25.0.4-librca,BellSoft,OpenJDK 64-Bit Server VM,25.0.4+9-LTS,fory,517,80,635,219,2369,2150,998,1633,deserialize,100,157212,228,20260812,9,1,5165288,1792272,8435808,1289232,true,47523958,11774877,144589887,74790817,19437894,69799070,22275112
2173,1.348323E7,,79918516,2142,-959204706,8362480,8362480,7247920,7617552,5186184,$SDKMAN_DIR/candidates/java/25.0.4-librca,BellSoft,OpenJDK 64-Bit Server VM,25.0.4+9-LTS,kotlinx,69,80,16,,1083,1083,998,1014,serialize,1,157258,229,20260812,9,1,1037744,1791024,280792,,true,10427438,12556104,13483230,3055792,20078326,10427438,0
-1473038263736110079,1457176.27,166494.77777777778,209501201,2142,-959204706,11284552,9477232,7436096,18147360,5568176,$SDKMAN_DIR/candidates/java/25.0.4-librca,BellSoft,OpenJDK 64-Bit Server VM,25.0.4+9-LTS,jackson,400,80,601,27,2026,1999,998,1599,deserialize,100,157280,230,20260812,9,1,6925640,1792272,10590912,1608024,true,62406274,10986715,145717627,66828370,18864319,78889257,16482983
81,4.1314654E7,,107904932,2142,-959204706,10242624,10242624,7328528,8415560,5246320,$SDKMAN_DIR/candidates/java/25.0.4-librca,BellSoft,OpenJDK 64-Bit Server VM,25.0.4+9-LTS,gson,197,80,197,,1392,1392,998,1195,deserialize,1,157304,231,20260812,9,1,1831080,1792272,1273568,,true,24214682,12962042,41314654,17099972,19373683,24214682,0
81,1.51438294E8,,888501182,2142,-959204706,13841000,13841000,7736064,16353192,5757488,$SDKMAN_DIR/candidates/java/25.0.4-librca,BellSoft,OpenJDK 64-Bit Server VM,25.0.4+9-LTS,fory,609,80,635,,2243,2242,998,1633,deserialize,1,157325,232,20260812,9,1,5165288,1792272,8435808,,true,56537673,15143240,151438294,94900621,22132050,56537673,0
2185675431948801,1.43060422E7,362734.0,207969491,2142,-959204706,10016032,9658184,7436096,18147352,5210232,$SDKMAN_DIR/candidates/java/25.0.4-librca,BellSoft,OpenJDK 64-Bit Server VM,25.0.4+9-LTS,jackson,400,80,601,0,1999,1999,998,1599,deserialize,10,157370,233,20260812,9,1,6925640,1792272,10591744,66312,true,65497713,12522861,143060422,74298103,18498146,68762319,3264606
2185675431948801,1607838.1,210427.0,88670313,2142,-959204706,8717232,8359384,7247920,7617552,5186184,$SDKMAN_DIR/candidates/java/25.0.4-librca,BellSoft,OpenJDK 64-Bit Server VM,25.0.4+9-LTS,kotlinx,63,80,16,0,1077,1077,998,1014,deserialize,10,157393,234,20260812,9,1,863600,1791024,280792,77856,true,10601198,14549785,16078381,3583340,22440565,12495041,1893843
-7711186731443673343,1347708.59,180220.25252525252,871986220,2142,-959204706,20852272,10112976,7736064,16353192,6115432,$SDKMAN_DIR/candidates/java/25.0.4-librca,BellSoft,OpenJDK 64-Bit Server VM,25.0.4+9-LTS,fory,396,80,635,317,2346,2029,998,1633,serialize,100,157415,235,20260812,9,1,4601248,1792272,8435808,1060528,true,44339174,11360342,134770859,72589880,20434230,62180979,17841805
-1473038263736110079,541213.2,147926.9292929293,118296120,2142,-959204706,13138440,10242624,7328528,8415560,5246320,$SDKMAN_DIR/candidates/java/25.0.4-librca,BellSoft,OpenJDK 64-Bit Server VM,25.0.4+9-LTS,gson,197,80,197,27,1419,1392,998,1195,deserialize,100,157476,236,20260812,9,1,1831080,1792272,1273568,1934040,true,24051412,11959656,54121320,15425142,18827700,38696178,14644766
59341087977409921,3848673.4,184323.22222222222,99263883,2142,-959204706,11366520,10290840,7328528,8415560,5604264,$SDKMAN_DIR/candidates/java/25.0.4-librca,BellSoft,OpenJDK 64-Bit Server VM,25.0.4+9-LTS,gson,198,80,197,0,1393,1393,998,1195,serialize,10,157499,237,20260812,9,1,1854848,1792272,1273568,75888,true,22934761,11246937,38486734,13893064,17466114,24593670,1658909
2173,3.6438928E7,,99409439,2142,-959204706,10290840,10290840,7328528,8415560,5604264,$SDKMAN_DIR/candidates/java/25.0.4-librca,BellSoft,OpenJDK 64-Bit Server VM,25.0.4+9-LTS,gson,198,80,197,,1393,1393,998,1195,serialize,1,157521,238,20260812,9,1,1854848,1792272,1273568,,true,22860790,11809542,36438928,13578138,18537962,22860790,0
81,1.1739799E7,,76325256,2142,-959204706,8359384,8359384,7247920,7617552,5186184,$SDKMAN_DIR/candidates/java/25.0.4-librca,BellSoft,OpenJDK 64-Bit Server VM,25.0.4+9-LTS,kotlinx,63,80,16,,1077,1077,998,1014,deserialize,1,157542,239,20260812,9,1,863600,1791024,280792,,true,8936696,13813273,11739799,2803103,18020813,8936696,0
2173,1.15835063E8,,840021670,2142,-959204706,9968224,9968224,7736064,16353192,5757488,$SDKMAN_DIR/candidates/java/25.0.4-librca,BellSoft,OpenJDK 64-Bit Server VM,25.0.4+9-LTS,fory,387,80,635,,2020,2020,998,1633,serialize,1,157564,240,20260812,10,1,4601224,1792272,8435808,,true,42010458,11979393,115835063,73824605,20748894,42010458,0
81,1.4744122E7,,86908668,2142,-959204706,8359384,8359384,7247920,7617552,5186184,$SDKMAN_DIR/candidates/java/25.0.4-librca,BellSoft,OpenJDK 64-Bit Server VM,25.0.4+9-LTS,kotlinx,63,80,16,,1077,1077,998,1014,deserialize,1,157608,241,20260812,10,1,863600,1791024,280792,,true,11259029,14678170,14744122,3485093,23222233,11259029,0
81,1.23482478E8,,860896445,2142,-959204706,12614200,12614200,7736064,16353192,6115432,$SDKMAN_DIR/candidates/java/25.0.4-librca,BellSoft,OpenJDK 64-Bit Server VM,25.0.4+9-LTS,fory,509,80,635,,2142,2142,998,1633,deserialize,1,157630,242,20260812,10,1,5165288,1792272,8435808,,true,46207307,11896767,123482478,77275171,19516242,46207307,0
2173,1.3443434E7,,77032683,2142,-959204706,8362480,8362480,7247920,7617552,5186184,$SDKMAN_DIR/candidates/java/25.0.4-librca,BellSoft,OpenJDK 64-Bit Server VM,25.0.4+9-LTS,kotlinx,69,80,16,,1083,1083,998,1014,serialize,1,157674,243,20260812,10,1,1037744,1791024,280792,,true,10124795,11882469,13443434,3318639,19529868,10124795,0
2185675431948801,1511091.7,210003.88888888888,80645279,2142,-959204706,9075080,8359384,7247920,7617552,5186184,$SDKMAN_DIR/candidates/java/25.0.4-librca,BellSoft,OpenJDK 64-Bit Server VM,25.0.4+9-LTS,kotlinx,63,80,16,0,1077,1077,998,1014,deserialize,10,157695,244,20260812,10,1,863600,1791024,280792,77856,true,10109356,13048506,15110917,3111526,19629466,11999391,1890035
2185675431948801,1.29442684E7,306375.1111111111,190553066,2142,-959204706,10014856,9657008,7436096,18147344,5568176,$SDKMAN_DIR/candidates/java/25.0.4-librca,BellSoft,OpenJDK 64-Bit Server VM,25.0.4+9-LTS,jackson,400,80,601,0,1999,1999,998,1599,deserialize,10,157717,245,20260812,10,1,6925640,1792272,10590912,66312,true,60735001,10995762,129442684,65950307,17216612,63492377,2757376
59341087977409921,1.19698632E7,205319.66666666666,846743521,2142,-959204706,11148080,10789968,7736064,16353192,5757488,$SDKMAN_DIR/candidates/java/25.0.4-librca,BellSoft,OpenJDK 64-Bit Server VM,25.0.4+9-LTS,fory,411,80,635,47,2091,2044,998,1633,serialize,10,157740,246,20260812,10,1,4601224,1792272,8435808,21600,true,44435104,12399729,119698632,73415651,18726948,46282981,1847877
-7711186731443673343,1371970.94,144057.08080808082,861735510,2142,-959204706,18669040,10540968,7736064,16353192,6115432,$SDKMAN_DIR/candidates/java/25.0.4-librca,BellSoft,OpenJDK 64-Bit Server VM,25.0.4+9-LTS,fory,403,80,635,292,2328,2036,998,1633,serialize,100,157786,247,20260812,10,1,4601224,1792272,8435808,1060240,true,44669798,12312793,137197094,78265645,19734766,58931449,14261651
59341087977409921,1.14927894E7,180862.22222222222,179619890,2142,-959204706,6131128,6131128,7436096,18147344,5568176,$SDKMAN_DIR/candidates/java/25.0.4-librca,BellSoft,OpenJDK 64-Bit Server VM,25.0.4+9-LTS,jackson,282,80,601,2,1883,1881,998,1599,serialize,10,157846,248,20260812,10,1,3464160,1792272,10591872,38536,true,43555740,11108787,114927894,69744394,19560855,45183500,1627760
59341087977409921,4281098.1,186508.44444444444,109765107,2142,-959204706,11366520,10290840,7328528,8415560,5246320,$SDKMAN_DIR/candidates/java/25.0.4-librca,BellSoft,OpenJDK 64-Bit Server VM,25.0.4+9-LTS,gson,198,80,197,0,1393,1393,998,1195,serialize,10,157868,249,20260812,10,1,1854848,1792272,1273568,75888,true,24638351,13049668,42810981,16494054,19713304,26316927,1678576
59341087977409921,1704407.4,226865.77777777778,80660205,2142,-959204706,8722464,8362480,7247920,7617552,5544128,$SDKMAN_DIR/candidates/java/25.0.4-librca,BellSoft,OpenJDK 64-Bit Server VM,25.0.4+9-LTS,kotlinx,69,80,16,0,1083,1083,998,1014,serialize,10,157889,250,20260812,10,1,1037744,1791024,280792,28456,true,11803130,12210681,17044074,3199152,18107547,13844922,2041792
2173,1.14373915E8,,180361192,2142,-959204706,6130448,6130448,7436096,18147328,5210232,$SDKMAN_DIR/candidates/java/25.0.4-librca,BellSoft,OpenJDK 64-Bit Server VM,25.0.4+9-LTS,jackson,282,80,601,,1881,1881,998,1599,serialize,1,157911,251,20260812,10,1,3464160,1792272,10591456,,true,42830898,12231110,114373915,71543017,18930413,42830898,0
81,4.0737838E7,,106172729,2142,-959204706,10242624,10242624,7328528,8415560,5604264,$SDKMAN_DIR/candidates/java/25.0.4-librca,BellSoft,OpenJDK 64-Bit Server VM,25.0.4+9-LTS,gson,197,80,197,,1392,1392,998,1195,deserialize,1,157934,252,20260812,10,1,1831080,1792272,1273568,,true,25031835,12018347,40737838,15706003,19246971,25031835,0
-1473038263736110079,1468205.09,232271.33333333334,892374893,2142,-959204706,7679176,12876336,7736064,16353192,5757488,$SDKMAN_DIR/candidates/java/25.0.4-librca,BellSoft,OpenJDK 64-Bit Server VM,25.0.4+9-LTS,fory,533,80,635,255,2421,2166,998,1633,deserialize,100,157956,253,20260812,10,1,5165568,1792272,8435808,1289168,true,46098411,12775118,146820509,77727236,19018470,69093273,22994862
-1473038263736110079,503505.85,145186.58585858587,109736541,2142,-959204706,13496288,10242624,7328528,8415560,5604264,$SDKMAN_DIR/candidates/java/25.0.4-librca,BellSoft,OpenJDK 64-Bit Server VM,25.0.4+9-LTS,gson,197,80,197,27,1419,1392,998,1195,deserialize,100,158002,254,20260812,10,1,1831080,1792272,1273568,1934040,true,22437969,10987868,50350585,13539144,17109608,36811441,14373472
-7711186731443673343,174401.83,56248.82828282828,77220446,2142,-959204706,9080312,8362480,7247920,7617552,5186184,$SDKMAN_DIR/candidates/java/25.0.4-librca,BellSoft,OpenJDK 64-Bit Server VM,25.0.4+9-LTS,kotlinx,69,80,16,0,1083,1083,998,1014,serialize,100,158026,255,20260812,10,1,1037744,1791024,280792,303736,true,9132157,11299948,17440183,2739392,17168330,14700791,5568634
-7711186731443673343,468963.5,111534.24242424243,107214812,2142,-959204706,12802584,10290840,7328528,8415560,5604264,$SDKMAN_DIR/candidates/java/25.0.4-librca,BellSoft,OpenJDK 64-Bit Server VM,25.0.4+9-LTS,gson,198,80,197,25,1418,1393,998,1195,serialize,100,158050,256,20260812,10,1,1854848,1792272,1273568,1620040,true,21964643,11014517,46896350,13889817,16882789,33006533,11041890
-1473038263736110079,195843.59,80356.36363636363,79678366,2142,-959204706,9790776,8359384,7247920,7617552,5544128,$SDKMAN_DIR/candidates/java/25.0.4-librca,BellSoft,OpenJDK 64-Bit Server VM,25.0.4+9-LTS,kotlinx,63,80,16,0,1077,1077,998,1014,deserialize,100,158073,257,20260812,10,1,863600,1791024,280792,851960,true,8999466,11028895,19584359,2629613,16831492,16954746,7955280
-1473038263736110079,1366595.72,157015.61616161617,197212549,2142,-959204706,11644488,9479224,7436096,18147344,5568176,$SDKMAN_DIR/candidates/java/25.0.4-librca,BellSoft,OpenJDK 64-Bit Server VM,25.0.4+9-LTS,jackson,400,80,601,27,2026,1999,998,1599,deserialize,100,158098,258,20260812,10,1,6925640,1792272,10593088,1608024,true,56059193,10946370,136659572,65055833,17346075,71603739,15544546
2173,3.6813222E7,,100342268,2142,-959204706,10290840,10290840,7328528,8415560,5246320,$SDKMAN_DIR/candidates/java/25.0.4-librca,BellSoft,OpenJDK 64-Bit Server VM,25.0.4+9-LTS,gson,198,80,197,,1393,1393,998,1195,serialize,1,158121,259,20260812,10,1,1854848,1792272,1273568,,true,22510505,12295690,36813222,14302717,17779506,22510505,0
81,1.32732986E8,,194697421,2142,-959204706,9479336,9479336,7436096,18147344,5568176,$SDKMAN_DIR/candidates/java/25.0.4-librca,BellSoft,OpenJDK 64-Bit Server VM,25.0.4+9-LTS,jackson,400,80,601,,1999,1999,998,1599,deserialize,1,158142,260,20260812,10,1,6925640,1792272,10592576,,true,67156327,10829778,132732986,65576659,16730882,67156327,0
2185675431948801,1.18027966E7,259262.66666666666,810279332,2142,-959204706,13498008,12738904,7736064,16353192,5757488,$SDKMAN_DIR/candidates/java/25.0.4-librca,BellSoft,OpenJDK 64-Bit Server VM,25.0.4+9-LTS,fory,509,80,635,53,2195,2142,998,1633,deserialize,10,158165,261,20260812,10,1,5165288,1792272,8435808,38784,true,43976555,11182506,118027966,71718047,17673966,46309919,2333364
-7711186731443673343,1193672.93,109217.83838383839,183547165,2142,-959204706,7731096,6120744,7436096,18025736,5568176,$SDKMAN_DIR/candidates/java/25.0.4-librca,BellSoft,OpenJDK 64-Bit Server VM,25.0.4+9-LTS,jackson,282,80,601,27,1908,1881,998,1599,serialize,100,158211,262,20260812,10,1,3464160,1792272,10589760,1126056,true,40789537,11293705,119367293,67765190,17683575,51602103,10812566
2185675431948801,4072457.2,235524.33333333334,102060449,2142,-959204706,11674024,10242624,7328528,8415560,5604264,$SDKMAN_DIR/candidates/java/25.0.4-librca,BellSoft,OpenJDK 64-Bit Server VM,25.0.4+9-LTS,gson,197,80,197,0,1392,1392,998,1195,deserialize,10,158234,263,20260812,10,1,1831080,1792272,1273568,96696,true,24531879,11243640,40724572,14072974,17200180,26651598,2119719
-7711186731443673343,1292226.24,105353.33333333333,201066948,2142,-959204706,7733728,6130040,7436096,18147336,5210232,$SDKMAN_DIR/candidates/java/25.0.4-librca,BellSoft,OpenJDK 64-Bit Server VM,25.0.4+9-LTS,jackson,282,80,601,27,1908,1881,998,1599,serialize,100,158256,264,20260812,11,1,3464160,1792272,10590080,1126056,true,41791302,14227125,129222624,77001342,21585426,52221282,10429980
-1473038263736110079,199882.86,83702.90909090909,83179300,2142,-959204706,10148624,8359384,7247920,7617552,5544128,$SDKMAN_DIR/candidates/java/25.0.4-librca,BellSoft,OpenJDK 64-Bit Server VM,25.0.4+9-LTS,kotlinx,63,80,16,0,1077,1077,998,1014,deserialize,100,158279,265,20260812,11,1,863600,1791024,280792,851888,true,9004045,11490288,19988286,2697653,18641084,17290633,8286588
2185675431948801,3883722.0,236684.33333333334,103062202,2142,-959204706,11674024,10242624,7328528,8415560,5246320,$SDKMAN_DIR/candidates/java/25.0.4-librca,BellSoft,OpenJDK 64-Bit Server VM,25.0.4+9-LTS,gson,197,80,197,0,1392,1392,998,1195,deserialize,10,158304,266,20260812,11,1,1831080,1792272,1273568,96696,true,22735360,11800886,38837220,13971701,18553329,24865519,2130159
-1473038263736110079,1485702.56,164636.202020202,214522923,2142,-959204706,11643600,9478432,7436096,18147368,5568176,$SDKMAN_DIR/candidates/java/25.0.4-librca,BellSoft,OpenJDK 64-Bit Server VM,25.0.4+9-LTS,jackson,400,80,601,27,2026,1999,998,1599,deserialize,100,158326,267,20260812,11,1,6925640,1792272,10590976,1608024,true,63663500,11346046,148570256,68607772,17749557,79962484,16298984
-7711186731443673343,200379.28,63089.868686868685,87488771,2142,-959204706,9080312,8362480,7247920,7617552,5186184,$SDKMAN_DIR/candidates/java/25.0.4-librca,BellSoft,OpenJDK 64-Bit Server VM,25.0.4+9-LTS,kotlinx,69,80,16,0,1083,1083,998,1014,serialize,100,158349,268,20260812,11,1,1037744,1791024,280792,303736,true,10697186,12217413,20037928,3094845,20618897,16943083,6245897
2185675431948801,1.31322154E7,288279.6666666667,194805182,2142,-959204706,10015808,9657960,7436096,18147360,5568176,$SDKMAN_DIR/candidates/java/25.0.4-librca,BellSoft,OpenJDK 64-Bit Server VM,25.0.4+9-LTS,jackson,400,80,601,0,1999,1999,998,1599,deserialize,10,158372,269,20260812,11,1,6925640,1792272,10592064,66312,true,60878971,11159111,131322154,67848666,19408558,63473488,2594517
-1473038263736110079,1501797.49,232005.36363636365,887459589,2142,-959204706,6721048,12841688,7736064,16353192,5757488,$SDKMAN_DIR/candidates/java/25.0.4-librca,BellSoft,OpenJDK 64-Bit Server VM,25.0.4+9-LTS,fory,531,80,635,246,2410,2164,998,1633,deserialize,100,158395,270,20260812,11,1,5165576,1792272,8435808,1289232,true,49561490,14368033,150179749,77649728,20794207,72530021,22968531
59341087977409921,1.09832748E7,172101.0,174112403,2142,-959204706,6120624,6120624,7436096,18046744,5568176,$SDKMAN_DIR/candidates/java/25.0.4-librca,BellSoft,OpenJDK 64-Bit Server VM,25.0.4+9-LTS,jackson,282,80,601,2,1883,1881,998,1599,serialize,10,158439,271,20260812,11,1,3464160,1792272,10590656,38536,true,41126652,11397412,109832748,67157187,17973562,42675561,1548909
2173,3.7336353E7,,103063004,2142,-959204706,10290840,10290840,7328528,8415560,5604264,$SDKMAN_DIR/candidates/java/25.0.4-librca,BellSoft,OpenJDK 64-Bit Server VM,25.0.4+9-LTS,gson,198,80,197,,1393,1393,998,1195,serialize,1,158461,272,20260812,11,1,1854848,1792272,1273568,,true,23302424,11440163,37336353,14033929,18417091,23302424,0
-7711186731443673343,1335728.63,156583.70707070708,838801150,2142,-959204706,18992832,9853672,7736064,16353192,6115432,$SDKMAN_DIR/candidates/java/25.0.4-librca,BellSoft,OpenJDK 64-Bit Server VM,25.0.4+9-LTS,fory,397,80,635,310,2340,2030,998,1633,serialize,100,158482,273,20260812,11,1,4601224,1792272,8435808,1060112,true,42791793,12523791,133572863,75279283,19473680,58293580,15501787
81,1.22585585E8,,185030706,2142,-959204706,9478176,9478176,7436096,18147360,5568176,$SDKMAN_DIR/candidates/java/25.0.4-librca,BellSoft,OpenJDK 64-Bit Server VM,25.0.4+9-LTS,jackson,400,80,601,,1999,1999,998,1599,deserialize,1,158527,274,20260812,11,1,6925640,1792272,10590208,,true,56937613,10863100,122585585,65647972,18176555,56937613,0
81,1.29004048E8,,866421136,2142,-959204706,12965952,12965952,7736064,16353192,5757488,$SDKMAN_DIR/candidates/java/25.0.4-librca,BellSoft,OpenJDK 64-Bit Server VM,25.0.4+9-LTS,fory,559,80,635,,2193,2192,998,1633,deserialize,1,158549,275,20260812,11,1,5165288,1792272,8435808,,true,49984461,12678364,129004048,79019587,19735355,49984461,0
2173,1.09513945E8,,175049363,2142,-959204706,6131656,6131656,7436096,18147344,5568176,$SDKMAN_DIR/candidates/java/25.0.4-librca,BellSoft,OpenJDK 64-Bit Server VM,25.0.4+9-LTS,jackson,282,80,601,,1881,1881,998,1599,serialize,1,158594,276,20260812,11,1,3464160,1792272,10591744,,true,41872634,12593405,109513945,67641311,18849859,41872634,0
2173,1.3277207E7,,77772156,2142,-959204706,8362480,8362480,7247920,7617552,5544128,$SDKMAN_DIR/candidates/java/25.0.4-librca,BellSoft,OpenJDK 64-Bit Server VM,25.0.4+9-LTS,kotlinx,69,80,16,,1083,1083,998,1014,serialize,1,158617,277,20260812,11,1,1037744,1791024,280792,,true,10247636,12629772,13277207,3029571,19408106,10247636,0
2185675431948801,1.2174848E7,303001.0,1192130964,2142,-959204706,13586256,12437240,7736064,16353192,5757488,$SDKMAN_DIR/candidates/java/25.0.4-librca,BellSoft,OpenJDK 64-Bit Server VM,25.0.4+9-LTS,fory,510,80,635,70,2213,2143,998,1633,deserialize,10,158639,278,20260812,11,1,5165576,1792272,8435808,38848,true,47160907,11589976,121748480,71860564,18723720,49887916,2727009
59341087977409921,1.32302357E7,259531.11111111112,879128469,2142,-959204706,10645896,10031632,7736064,16353192,6115432,$SDKMAN_DIR/candidates/java/25.0.4-librca,BellSoft,OpenJDK 64-Bit Server VM,25.0.4+9-LTS,fory,400,80,635,65,2098,2033,998,1633,serialize,10,158686,279,20260812,11,1,4601224,1792272,8435808,21600,true,49940926,11374287,132302357,80025651,17912465,52276706,2335780
2173,1.25054983E8,,885526267,2142,-959204706,9796728,9796728,7736064,16353192,5757488,$SDKMAN_DIR/candidates/java/25.0.4-librca,BellSoft,OpenJDK 64-Bit Server VM,25.0.4+9-LTS,fory,388,80,635,,2021,2021,998,1633,serialize,1,158731,280,20260812,11,1,4601504,1792272,8435808,,true,45557914,12045869,125054983,79497069,19358751,45557914,0
59341087977409921,4222702.3,211093.88888888888,107143308,2142,-959204706,11366520,10290840,7328528,8415560,5246320,$SDKMAN_DIR/candidates/java/25.0.4-librca,BellSoft,OpenJDK 64-Bit Server VM,25.0.4+9-LTS,gson,198,80,197,0,1393,1393,998,1195,serialize,10,158776,281,20260812,11,1,1854848,1792272,1273568,75888,true,24749459,12171275,42227023,15577719,19172730,26649304,1899845
81,4.0572123E7,,113209744,2142,-959204706,10242624,10242624,7328528,8415560,5246320,$SDKMAN_DIR/candidates/java/25.0.4-librca,BellSoft,OpenJDK 64-Bit Server VM,25.0.4+9-LTS,gson,197,80,197,,1392,1392,998,1195,deserialize,1,158797,282,20260812,11,1,1831080,1792272,1273568,,true,25577557,12497673,40572123,14994566,19235718,25577557,0
81,1.3919382E7,,80318774,2142,-959204706,8359384,8359384,7247920,7617552,5186184,$SDKMAN_DIR/candidates/java/25.0.4-librca,BellSoft,OpenJDK 64-Bit Server VM,25.0.4+9-LTS,kotlinx,63,80,16,,1077,1077,998,1014,deserialize,1,158818,283,20260812,11,1,863600,1791024,280792,,true,10641923,12831895,13919382,3277459,19190134,10641923,0
2185675431948801,1484298.8,210821.0,85223050,2142,-959204706,8717232,8359384,7247920,7617552,5186184,$SDKMAN_DIR/candidates/java/25.0.4-librca,BellSoft,OpenJDK 64-Bit Server VM,25.0.4+9-LTS,kotlinx,63,80,16,0,1077,1077,998,1014,deserialize,10,158840,284,20260812,11,1,863600,1791024,280792,77856,true,9797333,13833951,14842988,3148266,20074345,11694722,1897389
59341087977409921,1598302.7,177042.77777777778,84955595,2142,-959204706,8722464,8362480,7247920,7617552,5186184,$SDKMAN_DIR/candidates/java/25.0.4-librca,BellSoft,OpenJDK 64-Bit Server VM,25.0.4+9-LTS,kotlinx,69,80,16,0,1083,1083,998,1014,serialize,10,158862,285,20260812,11,1,1037744,1791024,280792,28456,true,11135746,13123146,15983027,3253896,19740985,12729131,1593385
-7711186731443673343,520410.68,118956.34343434343,118319009,2142,-959204706,12802584,10290840,7328528,8415560,5604264,$SDKMAN_DIR/candidates/java/25.0.4-librca,BellSoft,OpenJDK 64-Bit Server VM,25.0.4+9-LTS,gson,198,80,197,25,1418,1393,998,1195,serialize,100,158885,286,20260812,11,1,1854848,1792272,1273568,1620208,true,25138196,12479199,52041068,15126194,18514143,36914874,11776678
-1473038263736110079,528949.93,143533.94949494948,119008182,2142,-959204706,13138440,10242624,7328528,8415560,5246320,$SDKMAN_DIR/candidates/java/25.0.4-librca,BellSoft,OpenJDK 64-Bit Server VM,25.0.4+9-LTS,gson,197,80,197,27,1419,1392,998,1195,deserialize,100,158908,287,20260812,11,1,1831080,1792272,1273568,1934040,true,23816695,11218412,52894993,14868437,18739169,38026556,14209861
-1473038263736110079,1495070.98,223214.68686868687,849337727,2142,-959204706,7155032,12741400,7736064,16353192,6115432,$SDKMAN_DIR/candidates/java/25.0.4-librca,BellSoft,OpenJDK 64-Bit Server VM,25.0.4+9-LTS,fory,524,80,635,208,2365,2157,998,1633,deserialize,100,158931,288,20260812,12,1,5167640,1792272,8435808,1289352,true,50131224,12555572,149507098,77277620,19752837,72229478,22098254
-7711186731443673343,1392887.88,181162.51515151514,850288120,2142,-959204706,19586544,9739504,7736064,16353192,5757488,$SDKMAN_DIR/candidates/java/25.0.4-librca,BellSoft,OpenJDK 64-Bit Server VM,25.0.4+9-LTS,fory,385,80,635,317,2335,2018,998,1633,serialize,100,158977,289,20260812,12,1,4601224,1792272,8435808,1060208,true,43941806,12598954,139288788,77411893,23098807,61876895,17935089
81,1.30041694E8,,853216084,2142,-959204706,12869472,12869472,7736064,16353192,6115432,$SDKMAN_DIR/candidates/java/25.0.4-librca,BellSoft,OpenJDK 64-Bit Server VM,25.0.4+9-LTS,fory,525,80,635,,2158,2158,998,1633,deserialize,1,159023,290,20260812,12,1,5165288,1792272,8435808,,true,48977823,13819102,130041694,81063871,21122608,48977823,0
2185675431948801,1499592.8,202107.77777777778,79440781,2142,-959204706,9075080,8359384,7247920,7617552,5186184,$SDKMAN_DIR/candidates/java/25.0.4-librca,BellSoft,OpenJDK 64-Bit Server VM,25.0.4+9-LTS,kotlinx,63,80,16,0,1077,1077,998,1014,deserialize,10,159068,291,20260812,12,1,863600,1791024,280792,77856,true,10321847,12525705,14995928,2855111,19166818,12140817,1818970
59341087977409921,4169026.5,164726.0,106610117,2142,-959204706,11366520,10290840,7328528,8415560,5604264,$SDKMAN_DIR/candidates/java/25.0.4-librca,BellSoft,OpenJDK 64-Bit Server VM,25.0.4+9-LTS,gson,198,80,197,0,1393,1393,998,1195,serialize,10,159090,292,20260812,12,1,1854848,1792272,1273568,75888,true,24577113,12258048,41690265,15630618,19255056,26059647,1482534
59341087977409921,1.22523651E7,219963.77777777778,189171220,2142,-959204706,5942712,5942712,7436096,18028616,5210232,$SDKMAN_DIR/candidates/java/25.0.4-librca,BellSoft,OpenJDK 64-Bit Server VM,25.0.4+9-LTS,jackson,282,80,601,2,1883,1881,998,1599,serialize,10,159112,293,20260812,12,1,3464160,1792272,10590976,38536,true,46657263,12350293,122523651,73886714,19115822,48636937,1979674
-1473038263736110079,535160.97,153188.37373737374,115670808,2142,-959204706,13138440,10242624,7328528,8415560,5604264,$SDKMAN_DIR/candidates/java/25.0.4-librca,BellSoft,OpenJDK 64-Bit Server VM,25.0.4+9-LTS,gson,197,80,197,27,1419,1392,998,1195,deserialize,100,159135,294,20260812,12,1,1831080,1792272,1273568,1934040,true,23995493,11317840,53516097,14354955,17050065,39161142,15165649
-7711186731443673343,1178761.99,105413.45454545454,182546537,2142,-959204706,7565424,6107912,7436096,18150248,5210232,$SDKMAN_DIR/candidates/java/25.0.4-librca,BellSoft,OpenJDK 64-Bit Server VM,25.0.4+9-LTS,jackson,282,80,601,27,1908,1881,998,1599,serialize,100,159159,295,20260812,12,1,3464160,1792272,10592064,1126056,true,40525704,11398964,117876199,66914563,19019790,50961636,10435932
81,1.3611372E8,,202523478,2142,-959204706,9478696,9478696,7436096,18147368,5210232,$SDKMAN_DIR/candidates/java/25.0.4-librca,BellSoft,OpenJDK 64-Bit Server VM,25.0.4+9-LTS,jackson,400,80,601,,1999,1999,998,1599,deserialize,1,159182,296,20260812,12,1,6925640,1792272,10591808,,true,63338108,12800366,136113720,72775612,19651625,63338108,0
2173,1.3107146E7,,75608741,2142,-959204706,8362480,8362480,7247920,7617552,5186184,$SDKMAN_DIR/candidates/java/25.0.4-librca,BellSoft,OpenJDK 64-Bit Server VM,25.0.4+9-LTS,kotlinx,69,80,16,,1083,1083,998,1014,serialize,1,159205,297,20260812,12,1,1037744,1791024,280792,,true,10113533,11910050,13107146,2993613,18430886,10113533,0
59341087977409921,1505300.6,210243.22222222222,79450988,2142,-959204706,8722464,8362480,7247920,7617552,5186184,$SDKMAN_DIR/candidates/java/25.0.4-librca,BellSoft,OpenJDK 64-Bit Server VM,25.0.4+9-LTS,kotlinx,69,80,16,0,1083,1083,998,1014,serialize,10,159227,298,20260812,12,1,1037744,1791024,280792,28456,true,10223159,12674105,15053006,2937658,18959196,12115348,1892189
-1473038263736110079,1513480.8,172379.53535353535,215149491,2142,-959204706,11602440,9628888,7436096,18028584,5210232,$SDKMAN_DIR/candidates/java/25.0.4-librca,BellSoft,OpenJDK 64-Bit Server VM,25.0.4+9-LTS,jackson,400,80,601,27,2026,1999,998,1599,deserialize,100,159249,299,20260812,12,1,6925640,1792272,10590400,1608024,true,62667009,11385268,151348080,71615497,17879543,79732583,17065574
59341087977409921,1.21854533E7,225261.66666666666,845390827,2142,-959204706,10322480,9337048,7736064,16353192,5757488,$SDKMAN_DIR/candidates/java/25.0.4-librca,BellSoft,OpenJDK 64-Bit Server VM,25.0.4+9-LTS,fory,367,80,635,49,2049,2000,998,1633,serialize,10,159272,300,20260812,12,1,4601504,1792272,8435808,21600,true,43554102,12648397,121854533,76273076,19505961,45581457,2027355
2185675431948801,4320292.6,311216.44444444444,108917659,2142,-959204706,11316176,10242624,7328528,8415560,5246320,$SDKMAN_DIR/candidates/java/25.0.4-librca,BellSoft,OpenJDK 64-Bit Server VM,25.0.4+9-LTS,gson,197,80,197,0,1392,1392,998,1195,deserialize,10,159318,301,20260812,12,1,1831080,1792272,1273568,96696,true,26659011,11185650,43202926,13742967,17301880,29459959,2800948
81,1.2243923E7,,78068675,2142,-959204706,8359384,8359384,7247920,7617552,5544128,$SDKMAN_DIR/candidates/java/25.0.4-librca,BellSoft,OpenJDK 64-Bit Server VM,25.0.4+9-LTS,kotlinx,63,80,16,,1077,1077,998,1014,deserialize,1,159339,302,20260812,12,1,863600,1791024,280792,,true,9465566,11593311,12243923,2778357,18734712,9465566,0
-7711186731443673343,175603.79,58093.32323232323,79170207,2142,-959204706,9080312,8362480,7247920,7617552,5544128,$SDKMAN_DIR/candidates/java/25.0.4-librca,BellSoft,OpenJDK 64-Bit Server VM,25.0.4+9-LTS,kotlinx,69,80,16,0,1083,1083,998,1014,serialize,100,159362,303,20260812,12,1,1037744,1791024,280792,303736,true,9110905,12058602,17560379,2698235,17531044,14862144,5751239
2185675431948801,1.18883412E7,355737.3333333333,817230458,2142,-959204706,14484712,12976832,7736064,16353192,6115432,$SDKMAN_DIR/candidates/java/25.0.4-librca,BellSoft,OpenJDK 64-Bit Server VM,25.0.4+9-LTS,fory,561,80,635,48,2242,2194,998,1633,deserialize,10,159386,304,20260812,12,1,5165288,1792272,8435808,38824,true,45196989,11259390,118883412,70484787,17682681,48398625,3201636
2173,4.5888639E7,,118675277,2142,-959204706,10290840,10290840,7328528,8415560,5246320,$SDKMAN_DIR/candidates/java/25.0.4-librca,BellSoft,OpenJDK 64-Bit Server VM,25.0.4+9-LTS,gson,198,80,197,,1393,1393,998,1195,serialize,1,159432,305,20260812,12,1,1854848,1792272,1273568,,true,27782136,13985085,45888639,18106503,21870003,27782136,0
2185675431948801,1.3507388E7,313302.77777777775,199734248,2142,-959204706,10194368,9478672,7436096,18147352,5210232,$SDKMAN_DIR/candidates/java/25.0.4-librca,BellSoft,OpenJDK 64-Bit Server VM,25.0.4+9-LTS,jackson,400,80,601,0,1999,1999,998,1599,deserialize,10,159454,306,20260812,12,1,6925640,1792272,10590720,66312,true,62160108,12065444,135073880,70094047,18737295,64979833,2819725
-1473038263736110079,229431.62,90568.90909090909,89886219,2142,-959204706,10148648,8359384,7247920,7617552,5186184,$SDKMAN_DIR/candidates/java/25.0.4-librca,BellSoft,OpenJDK 64-Bit Server VM,25.0.4+9-LTS,kotlinx,63,80,16,0,1077,1077,998,1014,deserialize,100,159477,307,20260812,12,1,863600,1791024,280792,851888,true,10813075,12873833,22943162,3163765,19717319,19779397,8966322
2173,1.21739704E8,,858879300,2142,-959204706,9484568,9484568,7736064,16353192,5757488,$SDKMAN_DIR/candidates/java/25.0.4-librca,BellSoft,OpenJDK 64-Bit Server VM,25.0.4+9-LTS,fory,386,80,635,,2019,2019,998,1633,serialize,1,159503,308,20260812,12,1,4601224,1792272,8435808,,true,44267330,12566964,121739704,77472374,19082258,44267330,0
-7711186731443673343,476370.85,107715.28282828283,108514065,2142,-959204706,12802584,10290840,7328528,8415560,5246320,$SDKMAN_DIR/candidates/java/25.0.4-librca,BellSoft,OpenJDK 64-Bit Server VM,25.0.4+9-LTS,gson,198,80,197,25,1418,1393,998,1195,serialize,100,159548,309,20260812,12,1,1854848,1792272,1273568,1620208,true,22878950,11399965,47637085,14094322,17472573,33542763,10663813
81,4.0237658E7,,108755593,2142,-959204706,10242624,10242624,7328528,8415560,5246320,$SDKMAN_DIR/candidates/java/25.0.4-librca,BellSoft,OpenJDK 64-Bit Server VM,25.0.4+9-LTS,gson,197,80,197,,1392,1392,998,1195,deserialize,1,159571,310,20260812,12,1,1831080,1792272,1273568,,true,24113787,12808369,40237658,16123871,21787326,24113787,0
2173,1.04554646E8,,168034248,2142,-959204706,5953512,5953512,7436096,18147336,5210232,$SDKMAN_DIR/candidates/java/25.0.4-librca,BellSoft,OpenJDK 64-Bit Server VM,25.0.4+9-LTS,jackson,282,80,601,,1881,1881,998,1599,serialize,1,159593,311,20260812,12,1,3464160,1792272,10591872,,true,39527324,11968100,104554646,65027322,18480339,39527324,0
2185675431948801,1.4048215E7,334908.0,205954793,2142,-959204706,10016144,9658296,7436096,18147328,5568176,$SDKMAN_DIR/candidates/java/25.0.4-librca,BellSoft,OpenJDK 64-Bit Server VM,25.0.4+9-LTS,jackson,400,80,601,0,1999,1999,998,1599,deserialize,10,159615,312,20260812,13,1,6925640,1792272,10592192,66312,true,61007839,11584223,140482150,76460139,18650141,64022011,3014172
2173,1.17682449E8,,186930666,2142,-959204706,5952936,5952936,7436096,18147344,5210232,$SDKMAN_DIR/candidates/java/25.0.4-librca,BellSoft,OpenJDK 64-Bit Server VM,25.0.4+9-LTS,jackson,282,80,601,,1881,1881,998,1599,serialize,1,159637,313,20260812,13,1,3464160,1792272,10591744,,true,43671924,12313093,117682449,74010525,21731519,43671924,0
2173,4.4924011E7,,111913835,2142,-959204706,10290840,10290840,7328528,8415560,5246320,$SDKMAN_DIR/candidates/java/25.0.4-librca,BellSoft,OpenJDK 64-Bit Server VM,25.0.4+9-LTS,gson,198,80,197,,1393,1393,998,1195,serialize,1,159659,314,20260812,13,1,1854848,1792272,1273568,,true,28145622,12612509,44924011,16778389,19426429,28145622,0
59341087977409921,1.16359172E7,173133.0,182794780,2142,-959204706,6132056,6132056,7436096,18147352,5210232,$SDKMAN_DIR/candidates/java/25.0.4-librca,BellSoft,OpenJDK 64-Bit Server VM,25.0.4+9-LTS,jackson,282,80,601,2,1883,1881,998,1599,serialize,10,159680,315,20260812,13,1,3464160,1792272,10592640,38536,true,42637075,12227671,116359172,72163900,19218125,44195272,1558197
2185675431948801,1620310.1,208714.77777777778,84953856,2142,-959204706,9075080,8359384,7247920,7617552,5186184,$SDKMAN_DIR/candidates/java/25.0.4-librca,BellSoft,OpenJDK 64-Bit Server VM,25.0.4+9-LTS,kotlinx,63,80,16,0,1077,1077,998,1014,deserialize,10,159702,316,20260812,13,1,863600,1791024,280792,77856,true,10800461,14042354,16203101,3524207,22326063,12678894,1878433
81,4.4679239E7,,114481733,2142,-959204706,10242624,10242624,7328528,8415560,5246320,$SDKMAN_DIR/candidates/java/25.0.4-librca,BellSoft,OpenJDK 64-Bit Server VM,25.0.4+9-LTS,gson,197,80,197,,1392,1392,998,1195,deserialize,1,159724,317,20260812,13,1,1831080,1792272,1273568,,true,26660393,11853212,44679239,18018846,21725348,26660393,0
-7711186731443673343,187971.29,58954.9595959596,82240202,2142,-959204706,9080312,8362480,7247920,7617552,5544128,$SDKMAN_DIR/candidates/java/25.0.4-librca,BellSoft,OpenJDK 64-Bit Server VM,25.0.4+9-LTS,kotlinx,69,80,16,0,1083,1083,998,1014,serialize,100,159745,318,20260812,13,1,1037744,1791024,280792,303736,true,9977986,11784764,18797129,2982602,18100810,15814527,5836541
2185675431948801,1.30345343E7,338603.77777777775,847463559,2142,-959204706,13421520,12453264,7736064,16353192,5757488,$SDKMAN_DIR/candidates/java/25.0.4-librca,BellSoft,OpenJDK 64-Bit Server VM,25.0.4+9-LTS,fory,494,80,635,81,2208,2127,998,1633,deserialize,10,159769,319,20260812,13,1,5165576,1792272,8435808,38816,true,47653477,12845468,130345343,79644432,20023359,50700911,3047434
-7711186731443673343,494526.8,112179.58585858585,109939669,2142,-959204706,12802584,10290840,7328528,8415560,5246320,$SDKMAN_DIR/candidates/java/25.0.4-librca,BellSoft,OpenJDK 64-Bit Server VM,25.0.4+9-LTS,gson,198,80,197,25,1418,1393,998,1195,serialize,100,159814,320,20260812,13,1,1854848,1792272,1273568,1620208,true,23923136,11289887,49452680,14423765,17247247,35028915,11105779
-1473038263736110079,1429205.5,231460.37373737374,862359523,2142,-959204706,6980608,12651888,7736064,16353192,6115432,$SDKMAN_DIR/candidates/java/25.0.4-librca,BellSoft,OpenJDK 64-Bit Server VM,25.0.4+9-LTS,fory,525,80,635,222,2380,2158,998,1633,deserialize,100,159838,321,20260812,13,1,5165576,1792272,8435808,1289232,true,46790563,11865224,142920550,73215410,18676581,69705140,22914577
81,1.24785754E8,,192216780,2142,-959204706,9658520,9658520,7436096,18147344,5568176,$SDKMAN_DIR/candidates/java/25.0.4-librca,BellSoft,OpenJDK 64-Bit Server VM,25.0.4+9-LTS,jackson,400,80,601,,1999,1999,998,1599,deserialize,1,159884,322,20260812,13,1,6925640,1792272,10592832,,true,57642050,11596477,124785754,67143704,20578809,57642050,0
59341087977409921,1.50144623E7,359508.8888888889,924702227,2142,-959204706,12118272,10346944,7736064,16353192,5757488,$SDKMAN_DIR/candidates/java/25.0.4-librca,BellSoft,OpenJDK 64-Bit Server VM,25.0.4+9-LTS,fory,430,80,635,59,2122,2063,998,1633,serialize,10,159906,323,20260812,13,1,4601224,1792272,8435808,21600,true,52905179,15277900,150144623,94003864,21710710,56140759,3235580
81,1.22952453E8,,831978971,2142,-959204706,12742392,12742392,7736064,16353192,6115432,$SDKMAN_DIR/candidates/java/25.0.4-librca,BellSoft,OpenJDK 64-Bit Server VM,25.0.4+9-LTS,fory,531,80,635,,2165,2164,998,1633,deserialize,1,159951,324,20260812,13,1,5165288,1792272,8435808,,true,50777523,11394024,122952453,72174930,18073037,50777523,0
59341087977409921,4360118.1,204747.44444444444,107151494,2142,-959204706,11366520,10290840,7328528,8415560,5246320,$SDKMAN_DIR/candidates/java/25.0.4-librca,BellSoft,OpenJDK 64-Bit Server VM,25.0.4+9-LTS,gson,198,80,197,0,1393,1393,998,1195,serialize,10,159996,325,20260812,13,1,1854848,1792272,1273568,75888,true,26876151,11539309,43601181,14882303,18436655,28718878,1842727
-1473038263736110079,1533618.99,178532.68686868687,220072641,2142,-959204706,11644032,9478864,7436096,18147328,5210232,$SDKMAN_DIR/candidates/java/25.0.4-librca,BellSoft,OpenJDK 64-Bit Server VM,25.0.4+9-LTS,jackson,400,80,601,27,2026,1999,998,1599,deserialize,100,160017,326,20260812,13,1,6925640,1792272,10591136,1608024,true,62007788,12262135,153361899,73679375,19295952,79682524,17674736
-1473038263736110079,566721.83,152840.53535353535,120626834,2142,-959204706,13138440,10242624,7328528,8415560,5246320,$SDKMAN_DIR/candidates/java/25.0.4-librca,BellSoft,OpenJDK 64-Bit Server VM,25.0.4+9-LTS,gson,197,80,197,27,1419,1392,998,1195,deserialize,100,160041,327,20260812,13,1,1831080,1792272,1273568,1934040,true,25486861,11936440,56672183,16054109,19178039,40618074,15131213
-7711186731443673343,1241599.97,103583.52525252526,192791994,2142,-959204706,7557320,6132456,7436096,18147344,5210232,$SDKMAN_DIR/candidates/java/25.0.4-librca,BellSoft,OpenJDK 64-Bit Server VM,25.0.4+9-LTS,jackson,282,80,601,27,1908,1881,998,1599,serialize,100,160064,328,20260812,13,1,3464160,1792272,10593536,1126056,true,42812356,12425043,124159997,71092872,19517781,53067125,10254769
2173,1.15817577E8,,830000449,2142,-959204706,9542792,9542792,7736064,16353192,5757488,$SDKMAN_DIR/candidates/java/25.0.4-librca,BellSoft,OpenJDK 64-Bit Server VM,25.0.4+9-LTS,fory,387,80,635,,2020,2020,998,1633,serialize,1,160087,329,20260812,13,1,4601224,1792272,8435808,,true,44484119,11266561,115817577,71333458,18197493,44484119,0
59341087977409921,1487273.3,171141.44444444444,79904291,2142,-959204706,8722464,8362480,7247920,7617552,5186184,$SDKMAN_DIR/candidates/java/25.0.4-librca,BellSoft,OpenJDK 64-Bit Server VM,25.0.4+9-LTS,kotlinx,69,80,16,0,1083,1083,998,1014,serialize,10,160132,330,20260812,13,1,1037744,1791024,280792,28456,true,10266111,12758044,14872733,3066349,19199519,11806384,1540273
-1473038263736110079,223001.54,91435.88888888889,87819643,2142,-959204706,10148624,8359384,7247920,7617552,5186184,$SDKMAN_DIR/candidates/java/25.0.4-librca,BellSoft,OpenJDK 64-Bit Server VM,25.0.4+9-LTS,kotlinx,63,80,16,0,1077,1077,998,1014,deserialize,100,160154,331,20260812,13,1,863600,1791024,280792,851888,true,10108742,11785204,22300154,3139259,19329133,19160895,9052153
-7711186731443673343,1281481.81,163936.37373737374,851821081,2142,-959204706,19861928,9999432,7736064,16353192,5757488,$SDKMAN_DIR/candidates/java/25.0.4-librca,BellSoft,OpenJDK 64-Bit Server VM,25.0.4+9-LTS,fory,386,80,635,324,2343,2019,998,1633,serialize,100,160180,332,20260812,13,1,4601224,1792272,8435808,1060144,true,41560849,11435802,128148181,70357631,19554260,57790550,16229701
2173,1.1867098E7,,74836625,2142,-959204706,8362480,8362480,7247920,7617552,5186184,$SDKMAN_DIR/candidates/java/25.0.4-librca,BellSoft,OpenJDK 64-Bit Server VM,25.0.4+9-LTS,kotlinx,69,80,16,,1083,1083,998,1014,serialize,1,160226,333,20260812,13,1,1037744,1791024,280792,,true,9201255,11748244,11867098,2665843,19624713,9201255,0
2185675431948801,4156912.5,229425.22222222222,104234253,2142,-959204706,11316176,10242624,7328528,8415560,5246320,$SDKMAN_DIR/candidates/java/25.0.4-librca,BellSoft,OpenJDK 64-Bit Server VM,25.0.4+9-LTS,gson,197,80,197,0,1392,1392,998,1195,deserialize,10,160248,334,20260812,13,1,1831080,1792272,1273568,96696,true,24237670,11557383,41569125,15266628,18398202,26302497,2064827
81,1.293107E7,,77831369,2142,-959204706,8359384,8359384,7247920,7617552,5544128,$SDKMAN_DIR/candidates/java/25.0.4-librca,BellSoft,OpenJDK 64-Bit Server VM,25.0.4+9-LTS,kotlinx,63,80,16,,1077,1077,998,1014,deserialize,1,160269,335,20260812,13,1,863600,1791024,280792,,true,9941215,11762451,12931070,2989855,18927253,9941215,0
81,1.33433489E8,,199973977,2142,-959204706,9478504,9478504,7436096,18147344,5210232,$SDKMAN_DIR/candidates/java/25.0.4-librca,BellSoft,OpenJDK 64-Bit Server VM,25.0.4+9-LTS,jackson,400,80,601,,1999,1999,998,1599,deserialize,1,160290,336,20260812,14,1,6925640,1792272,10591424,,true,59058688,12736222,133433489,74374801,19085001,59058688,0
-7711186731443673343,223412.12,72210.73737373737,95519880,2142,-959204706,8722464,8362480,7247920,7617552,5186184,$SDKMAN_DIR/candidates/java/25.0.4-librca,BellSoft,OpenJDK 64-Bit Server VM,25.0.4+9-LTS,kotlinx,69,80,16,0,1083,1083,998,1014,serialize,100,160312,337,20260812,14,1,1037744,1791024,280792,303736,true,11433098,15034809,22341212,3759251,22644496,18581961,7148863
2173,1.2254029E7,,72906773,2142,-959204706,8362480,8362480,7247920,7617552,5544128,$SDKMAN_DIR/candidates/java/25.0.4-librca,BellSoft,OpenJDK 64-Bit Server VM,25.0.4+9-LTS,kotlinx,69,80,16,,1083,1083,998,1014,serialize,1,160336,338,20260812,14,1,1037744,1791024,280792,,true,9396595,11433248,12254029,2857434,17780394,9396595,0
-1473038263736110079,1422157.78,162475.41414141413,206624957,2142,-959204706,11601576,9628016,7436096,18028592,5210232,$SDKMAN_DIR/candidates/java/25.0.4-librca,BellSoft,OpenJDK 64-Bit Server VM,25.0.4+9-LTS,jackson,400,80,601,27,2026,1999,998,1599,deserialize,100,160358,339,20260812,14,1,6925640,1792272,10590720,1608024,true,58277079,12179700,142215778,67853633,18790094,74362145,16085066
81,3.772402E7,,101134238,2142,-959204706,10242624,10242624,7328528,8415560,5604264,$SDKMAN_DIR/candidates/java/25.0.4-librca,BellSoft,OpenJDK 64-Bit Server VM,25.0.4+9-LTS,gson,197,80,197,,1392,1392,998,1195,deserialize,1,160381,340,20260812,14,1,1831080,1792272,1273568,,true,23649966,11399283,37724020,14074054,18098414,23649966,0
-1473038263736110079,224976.66,93007.25252525252,87439312,2142,-959204706,10148648,8359384,7247920,7617552,5186184,$SDKMAN_DIR/candidates/java/25.0.4-librca,BellSoft,OpenJDK 64-Bit Server VM,25.0.4+9-LTS,kotlinx,63,80,16,0,1077,1077,998,1014,deserialize,100,160402,341,20260812,14,1,863600,1791024,280792,851888,true,10166079,11920869,22497666,3123869,19154003,19373797,9207718
59341087977409921,1.23326658E7,276881.44444444444,824646785,2142,-959204706,11907264,10618656,7736064,16353192,5757488,$SDKMAN_DIR/candidates/java/25.0.4-librca,BellSoft,OpenJDK 64-Bit Server VM,25.0.4+9-LTS,fory,413,80,635,60,2106,2046,998,1633,serialize,10,160427,342,20260812,14,1,4601224,1792272,8435808,21600,true,46045001,12408923,123326658,74789724,19470821,48536934,2491933
-1473038263736110079,1446040.77,246630.37373737374,851549752,2142,-959204706,7217280,13097616,7736064,16353192,6115432,$SDKMAN_DIR/candidates/java/25.0.4-librca,BellSoft,OpenJDK 64-Bit Server VM,25.0.4+9-LTS,fory,528,80,635,250,2411,2161,998,1633,deserialize,100,160472,343,20260812,14,1,5165288,1792272,8435808,1288880,true,48520792,11096751,144604077,71666878,17671448,72937199,24416407
2173,1.28671207E8,,848078369,2142,-959204706,10591632,10591632,7736064,16353192,5757488,$SDKMAN_DIR/candidates/java/25.0.4-librca,BellSoft,OpenJDK 64-Bit Server VM,25.0.4+9-LTS,fory,414,80,635,,2047,2047,998,1633,serialize,1,160518,344,20260812,14,1,4601224,1792272,8435808,,true,46928862,12767231,128671207,81742345,20489689,46928862,0
-7711186731443673343,475299.09,110554.9797979798,110965804,2142,-959204706,12802584,10290840,7328528,8415560,5246320,$SDKMAN_DIR/candidates/java/25.0.4-librca,BellSoft,OpenJDK 64-Bit Server VM,25.0.4+9-LTS,gson,198,80,197,25,1418,1393,998,1195,serialize,100,160562,345,20260812,14,1,1854848,1792272,1273568,1620128,true,22492738,11616805,47529909,14092228,18643256,33437681,10944943
59341087977409921,4223191.8,205004.55555555556,115940083,2142,-959204706,11366520,10290840,7328528,8415560,5246320,$SDKMAN_DIR/candidates/java/25.0.4-librca,BellSoft,OpenJDK 64-Bit Server VM,25.0.4+9-LTS,gson,198,80,197,0,1393,1393,998,1195,serialize,10,160586,346,20260812,14,1,1854848,1792272,1273568,75888,true,24760037,14398576,42231918,15626840,22634957,26605078,1845041
2185675431948801,1.38288658E7,346502.1111111111,207500219,2142,-959204706,10193928,9478232,7436096,18147368,5210232,$SDKMAN_DIR/candidates/java/25.0.4-librca,BellSoft,OpenJDK 64-Bit Server VM,25.0.4+9-LTS,jackson,400,80,601,0,1999,1999,998,1599,deserialize,10,160607,347,20260812,14,1,6925640,1792272,10592000,66312,true,62302221,12785376,138288658,72867918,19867711,65420740,3118519
59341087977409921,1.28008141E7,196642.0,199086794,2142,-959204706,6308256,5950408,7436096,18147352,5210232,$SDKMAN_DIR/candidates/java/25.0.4-librca,BellSoft,OpenJDK 64-Bit Server VM,25.0.4+9-LTS,jackson,282,80,601,2,1883,1881,998,1599,serialize,10,160630,348,20260812,14,1,3464160,1792272,10591072,38536,true,47309069,13380220,128008141,78929294,21132696,49078847,1769778
81,1.2764255E7,,77543983,2142,-959204706,8359384,8359384,7247920,7617552,5186184,$SDKMAN_DIR/candidates/java/25.0.4-librca,BellSoft,OpenJDK 64-Bit Server VM,25.0.4+9-LTS,kotlinx,63,80,16,,1077,1077,998,1014,deserialize,1,160653,349,20260812,14,1,863600,1791024,280792,,true,9795329,12228251,12764255,2968926,19735171,9795329,0
-7711186731443673343,1207530.97,104518.0101010101,190091178,2142,-959204706,7376128,5951352,7436096,18147360,5568176,$SDKMAN_DIR/candidates/java/25.0.4-librca,BellSoft,OpenJDK 64-Bit Server VM,25.0.4+9-LTS,jackson,282,80,601,27,1908,1881,998,1599,serialize,100,160675,350,20260812,14,1,3464160,1792272,10590976,1126056,true,39256618,13224976,120753097,71149196,20632519,49603901,10347283
59341087977409921,1326058.2,167756.22222222222,72641800,2142,-959204706,8722464,8362480,7247920,7617552,5186184,$SDKMAN_DIR/candidates/java/25.0.4-librca,BellSoft,OpenJDK 64-Bit Server VM,25.0.4+9-LTS,kotlinx,69,80,16,0,1083,1083,998,1014,serialize,10,160698,351,20260812,14,1,1037744,1791024,280792,28456,true,9083962,11041848,13260582,2666814,17432375,10593768,1509806
2185675431948801,4014977.8,230954.66666666666,101262619,2142,-959204706,11674024,10242624,7328528,8415560,5246320,$SDKMAN_DIR/candidates/java/25.0.4-librca,BellSoft,OpenJDK 64-Bit Server VM,25.0.4+9-LTS,gson,197,80,197,0,1392,1392,998,1195,deserialize,10,160720,352,20260812,14,1,1831080,1792272,1273568,96696,true,23350240,11534339,40149778,14720946,17779061,25428832,2078592
-1473038263736110079,504735.26,143755.9797979798,112819539,2142,-959204706,13138440,10242624,7328528,8415560,5604264,$SDKMAN_DIR/candidates/java/25.0.4-librca,BellSoft,OpenJDK 64-Bit Server VM,25.0.4+9-LTS,gson,197,80,197,27,1419,1392,998,1195,deserialize,100,160742,353,20260812,14,1,1831080,1792272,1273568,1934040,true,22552570,11441362,50473526,13689114,16810228,36784412,14231842
2185675431948801,1437270.7,245916.22222222222,73727004,2142,-959204706,9075080,8359384,7247920,7617552,5186184,$SDKMAN_DIR/candidates/java/25.0.4-librca,BellSoft,OpenJDK 64-Bit Server VM,25.0.4+9-LTS,kotlinx,63,80,16,0,1077,1077,998,1014,deserialize,10,160765,354,20260812,14,1,863600,1791024,280792,77856,true,9435107,11353155,14372707,2724354,17487119,11648353,2213246
2185675431948801,1.23079898E7,399962.1111111111,849094728,2142,-959204706,16782320,13495608,7736064,16353192,6115432,$SDKMAN_DIR/candidates/java/25.0.4-librca,BellSoft,OpenJDK 64-Bit Server VM,25.0.4+9-LTS,fory,568,80,635,60,2261,2201,998,1633,deserialize,10,160787,355,20260812,14,1,5165288,1792272,8435808,38944,true,47480435,11411435,123079898,71999804,17920899,51080094,3599659
2173,1.10479805E8,,176384449,2142,-959204706,6129512,6129512,7436096,18147336,5210232,$SDKMAN_DIR/candidates/java/25.0.4-librca,BellSoft,OpenJDK 64-Bit Server VM,25.0.4+9-LTS,jackson,282,80,601,,1881,1881,998,1599,serialize,1,160832,356,20260812,14,1,3464160,1792272,10590912,,true,42280078,11274948,110479805,68199727,17647672,42280078,0
-7711186731443673343,1406669.15,159395.15151515152,826708477,2142,-959204706,19066864,9969792,7736064,16353192,6115432,$SDKMAN_DIR/candidates/java/25.0.4-librca,BellSoft,OpenJDK 64-Bit Server VM,25.0.4+9-LTS,fory,386,80,635,314,2333,2019,998,1633,serialize,100,160855,357,20260812,14,1,4601224,1792272,8435808,1060272,true,46719966,12272875,140666915,78166829,19524453,62500086,15780120
2173,3.7095631E7,,106930648,2142,-959204706,10290840,10290840,7328528,8415560,5246320,$SDKMAN_DIR/candidates/java/25.0.4-librca,BellSoft,OpenJDK 64-Bit Server VM,25.0.4+9-LTS,gson,198,80,197,,1393,1393,998,1195,serialize,1,160901,358,20260812,14,1,1854848,1792272,1273568,,true,22696122,12551431,37095631,14399509,22303890,22696122,0
81,1.26827516E8,,840348824,2142,-959204706,13230096,13230096,7736064,16353192,5757488,$SDKMAN_DIR/candidates/java/25.0.4-librca,BellSoft,OpenJDK 64-Bit Server VM,25.0.4+9-LTS,fory,569,80,635,,2203,2202,998,1633,deserialize,1,160922,359,20260812,14,1,5165288,1792272,8435808,,true,49216427,12651251,126827516,77611089,20131651,49216427,0
2185675431948801,1777918.1,264119.6666666667,85825527,2142,-959204706,9075080,8359384,7247920,7617552,5186184,$SDKMAN_DIR/candidates/java/25.0.4-librca,BellSoft,OpenJDK 64-Bit Server VM,25.0.4+9-LTS,kotlinx,63,80,16,0,1077,1077,998,1014,deserialize,10,160967,360,20260812,15,1,863600,1791024,280792,76968,true,11892536,14288597,17779181,3509568,20848406,14269613,2377077
81,1.1836087E7,,73403138,2142,-959204706,8359384,8359384,7247920,7617552,5186184,$SDKMAN_DIR/candidates/java/25.0.4-librca,BellSoft,OpenJDK 64-Bit Server VM,25.0.4+9-LTS,kotlinx,63,80,16,,1077,1077,998,1014,deserialize,1,160989,361,20260812,15,1,863600,1791024,280792,,true,9121203,11440792,11836087,2714884,18151085,9121203,0
-1473038263736110079,210828.19,89799.45454545454,87116258,2142,-959204706,10148624,8359384,7247920,7617552,5186184,$SDKMAN_DIR/candidates/java/25.0.4-librca,BellSoft,OpenJDK 64-Bit Server VM,25.0.4+9-LTS,kotlinx,63,80,16,0,1077,1077,998,1014,deserialize,100,161011,362,20260812,15,1,863600,1791024,280792,851888,true,9315080,12097143,21082819,2877593,19485058,18205226,8890146
59341087977409921,1519831.1,176394.88888888888,80897384,2142,-959204706,8722464,8362480,7247920,7617552,5186184,$SDKMAN_DIR/candidates/java/25.0.4-librca,BellSoft,OpenJDK 64-Bit Server VM,25.0.4+9-LTS,kotlinx,69,80,16,0,1083,1083,998,1014,serialize,10,161037,363,20260812,15,1,1037744,1791024,280792,28456,true,10340280,12467263,15198311,3270477,19467965,11927834,1587554
2173,1.3615335E7,,77896999,2142,-959204706,8362480,8362480,7247920,7617552,5186184,$SDKMAN_DIR/candidates/java/25.0.4-librca,BellSoft,OpenJDK 64-Bit Server VM,25.0.4+9-LTS,kotlinx,69,80,16,,1083,1083,998,1014,serialize,1,161059,364,20260812,15,1,1037744,1791024,280792,,true,10545757,12677008,13615335,3069578,19277346,10545757,0
59341087977409921,3880958.2,182362.66666666666,109435526,2142,-959204706,11366520,10290840,7328528,8415560,5246320,$SDKMAN_DIR/candidates/java/25.0.4-librca,BellSoft,OpenJDK 64-Bit Server VM,25.0.4+9-LTS,gson,198,80,197,0,1393,1393,998,1195,serialize,10,161081,365,20260812,15,1,1854848,1792272,1273568,75888,true,22451209,14575291,38809582,14717109,22129229,24092473,1641264
81,1.28198087E8,,870678497,2142,-959204706,13279528,13279528,7736064,16353192,5757488,$SDKMAN_DIR/candidates/java/25.0.4-librca,BellSoft,OpenJDK 64-Bit Server VM,25.0.4+9-LTS,fory,555,80,635,,2188,2188,998,1633,deserialize,1,161102,366,20260812,15,1,5165288,1792272,8435808,,true,49943432,12584595,128198087,78254655,19980695,49943432,0
2173,1.13499174E8,,179204278,2142,-959204706,5951944,5951944,7436096,18147344,5210232,$SDKMAN_DIR/candidates/java/25.0.4-librca,BellSoft,OpenJDK 64-Bit Server VM,25.0.4+9-LTS,jackson,282,80,601,,1881,1881,998,1599,serialize,1,161149,367,20260812,15,1,3464160,1792272,10590784,,true,42520441,12099537,113499174,70978733,19133432,42520441,0
59341087977409921,1.11913803E7,186119.88888888888,178323281,2142,-959204706,6310840,5952992,7436096,18147328,5210232,$SDKMAN_DIR/candidates/java/25.0.4-librca,BellSoft,OpenJDK 64-Bit Server VM,25.0.4+9-LTS,jackson,282,80,601,2,1883,1881,998,1599,serialize,10,161172,368,20260812,15,1,3464160,1792272,10590816,38536,true,42511463,12449829,111913803,67727261,18288374,44186542,1675079
2185675431948801,5048362.4,293083.3333333333,123826006,2142,-959204706,11316176,10242624,7328528,8415560,5246320,$SDKMAN_DIR/candidates/java/25.0.4-librca,BellSoft,OpenJDK 64-Bit Server VM,25.0.4+9-LTS,gson,197,80,197,0,1392,1392,998,1195,deserialize,10,161195,369,20260812,15,1,1831080,1792272,1273568,96696,true,28726588,14600007,50483624,19119286,21583608,31364338,2637750
-1473038263736110079,1505065.54,207608.0707070707,220526372,2142,-959204706,11641784,9655496,7436096,18147368,5210232,$SDKMAN_DIR/candidates/java/25.0.4-librca,BellSoft,OpenJDK 64-Bit Server VM,25.0.4+9-LTS,jackson,400,80,601,27,2026,1999,998,1599,deserialize,100,161216,370,20260812,15,1,6925640,1792272,10591744,1608024,true,61584851,13251287,150506554,68368504,21042352,82138050,20553199
2173,3.7585776E7,,109449592,2142,-959204706,10290840,10290840,7328528,8415560,5246320,$SDKMAN_DIR/candidates/java/25.0.4-librca,BellSoft,OpenJDK 64-Bit Server VM,25.0.4+9-LTS,gson,198,80,197,,1393,1393,998,1195,serialize,1,161239,371,20260812,15,1,1854848,1792272,1273568,,true,22471496,13627197,37585776,15114280,22056632,22471496,0
2185675431948801,1.57680182E7,348380.1111111111,224174120,2142,-959204706,10016784,9658936,7436096,18150248,5568176,$SDKMAN_DIR/candidates/java/25.0.4-librca,BellSoft,OpenJDK 64-Bit Server VM,25.0.4+9-LTS,jackson,400,80,601,0,1999,1999,998,1599,deserialize,10,161261,372,20260812,15,1,6925640,1792272,10592128,66312,true,68888548,13104209,157680182,85656213,18190999,72023969,3135421
-7711186731443673343,1355298.94,158824.36363636365,918160981,2142,-959204706,19237760,10177672,7736064,16353192,5757488,$SDKMAN_DIR/candidates/java/25.0.4-librca,BellSoft,OpenJDK 64-Bit Server VM,25.0.4+9-LTS,fory,393,80,635,308,2334,2026,998,1633,serialize,100,161283,373,20260812,15,1,4601224,1792272,8435808,1060112,true,43246033,12417489,135529894,76560249,20083680,58969645,15723612
2173,1.16361414E8,,845501555,2142,-959204706,10739368,10739368,7736064,16353192,6115432,$SDKMAN_DIR/candidates/java/25.0.4-librca,BellSoft,OpenJDK 64-Bit Server VM,25.0.4+9-LTS,fory,430,80,635,,2065,2064,998,1633,serialize,1,161329,374,20260812,15,1,4601224,1792272,8435808,,true,44069630,11199094,116361414,72291784,20811175,44069630,0
2185675431948801,1.31031294E7,277208.8888888889,883673774,2142,-959204706,14324312,12747520,7736064,16353192,5757488,$SDKMAN_DIR/candidates/java/25.0.4-librca,BellSoft,OpenJDK 64-Bit Server VM,25.0.4+9-LTS,fory,546,80,635,50,2229,2179,998,1633,deserialize,10,161375,375,20260812,15,1,5165288,1792272,8435808,38944,true,48305272,13082726,131031294,80231142,19265152,50800152,2494880
-1473038263736110079,1437503.21,225901.14141414143,814920951,2142,-959204706,6719712,12265352,7736064,16353192,5757488,$SDKMAN_DIR/candidates/java/25.0.4-librca,BellSoft,OpenJDK 64-Bit Server VM,25.0.4+9-LTS,fory,496,80,635,252,2381,2129,998,1633,deserialize,100,161420,376,20260812,15,1,5165576,1792272,8435808,1289392,true,46603472,12486911,143750321,74782636,19600544,68967685,22364213
81,3.9722246E7,,104728619,2142,-959204706,10242624,10242624,7328528,8415560,5604264,$SDKMAN_DIR/candidates/java/25.0.4-librca,BellSoft,OpenJDK 64-Bit Server VM,25.0.4+9-LTS,gson,197,80,197,,1392,1392,998,1195,deserialize,1,161465,377,20260812,15,1,1831080,1792272,1273568,,true,24030955,12203123,39722246,15691291,19179639,24030955,0
81,1.36832123E8,,208165824,2142,-959204706,9478760,9478760,7436096,18147360,5210232,$SDKMAN_DIR/candidates/java/25.0.4-librca,BellSoft,OpenJDK 64-Bit Server VM,25.0.4+9-LTS,jackson,400,80,601,,1999,1999,998,1599,deserialize,1,161486,378,20260812,15,1,6925640,1792272,10592448,,true,65517068,13987527,136832123,71315055,21856393,65517068,0
-7711186731443673343,197250.68,62634.63636363636,85459240,2142,-959204706,9080312,8362480,7247920,7617552,5186184,$SDKMAN_DIR/candidates/java/25.0.4-librca,BellSoft,OpenJDK 64-Bit Server VM,25.0.4+9-LTS,kotlinx,69,80,16,0,1083,1083,998,1014,serialize,100,161511,379,20260812,15,1,1037744,1791024,280792,303680,true,10324658,12543457,19725068,3199581,20078679,16525487,6200829
-1473038263736110079,544542.73,161514.60606060605,122637643,2142,-959204706,13140336,10244520,7328528,8410272,5604264,$SDKMAN_DIR/candidates/java/25.0.4-librca,BellSoft,OpenJDK 64-Bit Server VM,25.0.4+9-LTS,gson,197,80,197,27,1419,1392,998,1195,deserialize,100,161536,380,20260812,15,1,1831080,1792272,1273568,1934040,true,24231524,13675027,54454273,14232803,20270823,40221470,15989946
-7711186731443673343,546897.07,128723.48484848485,120899295,2142,-959204706,13160432,10290840,7328528,8415560,5604264,$SDKMAN_DIR/candidates/java/25.0.4-librca,BellSoft,OpenJDK 64-Bit Server VM,25.0.4+9-LTS,gson,198,80,197,25,1418,1393,998,1195,serialize,100,161560,381,20260812,15,1,1854848,1792272,1273568,1620040,true,25316727,11695683,54689707,16629355,18756520,38060352,12743625
59341087977409921,1.23847672E7,267663.0,903301006,2142,-959204706,10591104,9627968,7736064,16353192,5757488,$SDKMAN_DIR/candidates/java/25.0.4-librca,BellSoft,OpenJDK 64-Bit Server VM,25.0.4+9-LTS,fory,386,80,635,61,2080,2019,998,1633,serialize,10,161584,382,20260812,15,1,4603576,1792272,8435808,21600,true,42781292,13895775,123847672,78657413,23428826,45190259,2408967
-7711186731443673343,1290112.31,116714.32323232324,194535661,2142,-959204706,7374064,6121560,7436096,18025688,5210232,$SDKMAN_DIR/candidates/java/25.0.4-librca,BellSoft,OpenJDK 64-Bit Server VM,25.0.4+9-LTS,jackson,282,80,601,27,1908,1881,998,1599,serialize,100,161630,383,20260812,15,1,3464160,1792272,10589760,1126056,true,43470676,12217499,129011231,73985837,19089869,55025394,11554718
2173,3.8832102E7,,102987104,2142,-959204706,10290840,10290840,7328528,8415560,5246320,$SDKMAN_DIR/candidates/java/25.0.4-librca,BellSoft,OpenJDK 64-Bit Server VM,25.0.4+9-LTS,gson,198,80,197,,1393,1393,998,1195,serialize,1,161653,384,20260812,16,1,1854848,1792272,1273568,,true,23136913,12234952,38832102,15695189,18634188,23136913,0
2185675431948801,4298886.5,255841.88888888888,107978245,2142,-959204706,11316176,10242624,7328528,8415560,5246320,$SDKMAN_DIR/candidates/java/25.0.4-librca,BellSoft,OpenJDK 64-Bit Server VM,25.0.4+9-LTS,gson,197,80,197,0,1392,1392,998,1195,deserialize,10,161674,385,20260812,16,1,1831080,1792272,1273568,96696,true,24539446,12633186,42988865,16146842,18932952,26842023,2302577
-1473038263736110079,1490581.48,212937.54545454544,855162372,2142,-959204706,6547864,12791040,7736064,16353192,5757488,$SDKMAN_DIR/candidates/java/25.0.4-librca,BellSoft,OpenJDK 64-Bit Server VM,25.0.4+9-LTS,fory,524,80,635,236,2393,2157,998,1633,deserialize,100,161695,386,20260812,16,1,5165288,1792272,8435808,1289296,true,48847155,13339651,149058148,79130176,22958096,69927972,21080817
-7711186731443673343,503620.1,116342.38383838384,114724314,2142,-959204706,12802584,10290840,7328528,8415560,5246320,$SDKMAN_DIR/candidates/java/25.0.4-librca,BellSoft,OpenJDK 64-Bit Server VM,25.0.4+9-LTS,gson,198,80,197,25,1418,1393,998,1195,serialize,100,161741,387,20260812,16,1,1854848,1792272,1273568,1620208,true,23104021,12502538,50362010,15740093,18911363,34621917,11517896
59341087977409921,1.16533714E7,179724.33333333334,180860491,2142,-959204706,5952136,5952136,7436096,18147344,5568176,$SDKMAN_DIR/candidates/java/25.0.4-librca,BellSoft,OpenJDK 64-Bit Server VM,25.0.4+9-LTS,jackson,282,80,601,2,1883,1881,998,1599,serialize,10,161764,388,20260812,16,1,3464160,1792272,10591168,38536,true,42367128,12114656,116533714,72549067,18393231,43984647,1617519
59341087977409921,4539553.7,202158.11111111112,117597908,2142,-959204706,11366520,10290840,7328528,8415560,5246320,$SDKMAN_DIR/candidates/java/25.0.4-librca,BellSoft,OpenJDK 64-Bit Server VM,25.0.4+9-LTS,gson,198,80,197,0,1393,1393,998,1195,serialize,10,161787,389,20260812,16,1,1854848,1792272,1273568,75888,true,26167746,13783551,45395537,17408368,21446917,27987169,1819423
-1473038263736110079,1642077.22,163093.9595959596,234594512,2142,-959204706,11643984,9657728,7436096,18147328,5568176,$SDKMAN_DIR/candidates/java/25.0.4-librca,BellSoft,OpenJDK 64-Bit Server VM,25.0.4+9-LTS,jackson,400,80,601,27,2026,1999,998,1599,deserialize,100,161808,390,20260812,16,1,6925640,1792272,10590400,1608024,true,63067713,13730602,164207722,84993707,19212121,79214015,16146302
2173,1.26709844E8,,860307868,2142,-959204706,10168000,10168000,7736064,16353192,6115432,$SDKMAN_DIR/candidates/java/25.0.4-librca,BellSoft,OpenJDK 64-Bit Server VM,25.0.4+9-LTS,fory,400,80,635,,2033,2033,998,1633,serialize,1,161832,391,20260812,16,1,4601224,1792272,8435808,,true,45490847,12521996,126709844,81218997,19891394,45490847,0
2173,1.12265822E8,,177993187,2142,-959204706,6106704,6106704,7436096,18150240,5568176,$SDKMAN_DIR/candidates/java/25.0.4-librca,BellSoft,OpenJDK 64-Bit Server VM,25.0.4+9-LTS,jackson,282,80,601,,1881,1881,998,1599,serialize,1,161877,392,20260812,16,1,3464160,1792272,10591232,,true,43945884,11657099,112265822,68319938,20757354,43945884,0
-1473038263736110079,208006.24,88503.35353535354,86778914,2142,-959204706,10148648,8359384,7247920,7617552,5186184,$SDKMAN_DIR/candidates/java/25.0.4-librca,BellSoft,OpenJDK 64-Bit Server VM,25.0.4+9-LTS,kotlinx,63,80,16,0,1077,1077,998,1014,deserialize,100,161900,393,20260812,16,1,863600,1791024,280792,851888,true,9127715,12959503,20800624,2911077,19421597,17889547,8761832
2173,1.2815322E7,,79802787,2142,-959204706,8362480,8362480,7247920,7617552,5186184,$SDKMAN_DIR/candidates/java/25.0.4-librca,BellSoft,OpenJDK 64-Bit Server VM,25.0.4+9-LTS,kotlinx,69,80,16,,1083,1083,998,1014,serialize,1,161926,394,20260812,16,1,1037744,1791024,280792,,true,9820436,13171744,12815322,2994886,21032794,9820436,0
81,1.32629148E8,,864649512,2142,-959204706,12801976,12801976,7736064,16353192,5757488,$SDKMAN_DIR/candidates/java/25.0.4-librca,BellSoft,OpenJDK 64-Bit Server VM,25.0.4+9-LTS,fory,545,80,635,,2178,2178,998,1633,deserialize,1,161947,395,20260812,16,1,5165424,1792272,8435808,,true,51780313,13116449,132629148,80848835,20906405,51780313,0
81,1.45490366E8,,215716500,2142,-959204706,9656656,9656656,7436096,18147328,5210232,$SDKMAN_DIR/candidates/java/25.0.4-librca,BellSoft,OpenJDK 64-Bit Server VM,25.0.4+9-LTS,jackson,400,80,601,,1999,1999,998,1599,deserialize,1,161992,396,20260812,16,1,6925640,1792272,10590080,,true,67709523,12960164,145490366,77780843,21047913,67709523,0
59341087977409921,1.1165266E7,236647.55555555556,837434530,2142,-959204706,10946216,10070168,7736064,16353192,6115432,$SDKMAN_DIR/candidates/java/25.0.4-librca,BellSoft,OpenJDK 64-Bit Server VM,25.0.4+9-LTS,fory,405,80,635,61,2099,2038,998,1633,serialize,10,162015,397,20260812,16,1,4601224,1792272,8435808,21600,true,40155604,11123820,111652660,69367228,17889989,42285432,2129828
59341087977409921,1382502.1,160047.22222222222,83992892,2142,-959204706,8722464,8362480,7247920,7617552,5186184,$SDKMAN_DIR/candidates/java/25.0.4-librca,BellSoft,OpenJDK 64-Bit Server VM,25.0.4+9-LTS,kotlinx,69,80,16,0,1083,1083,998,1014,serialize,10,162060,398,20260812,16,1,1037744,1791024,280792,28456,true,9048575,13987648,13825021,3336021,21713571,10489000,1440425
-7711186731443673343,1301999.91,144985.45454545456,195659139,2142,-959204706,7377832,5953056,7436096,18147352,5210232,$SDKMAN_DIR/candidates/java/25.0.4-librca,BellSoft,OpenJDK 64-Bit Server VM,25.0.4+9-LTS,jackson,282,80,601,27,1908,1881,998,1599,serialize,100,162082,399,20260812,16,1,3464160,1792272,10590912,1126056,true,44701081,12026788,130199991,71145350,19510805,59054641,14353560
81,1.301058E7,,77214760,2142,-959204706,8359384,8359384,7247920,7617552,5186184,$SDKMAN_DIR/candidates/java/25.0.4-librca,BellSoft,OpenJDK 64-Bit Server VM,25.0.4+9-LTS,kotlinx,63,80,16,,1077,1077,998,1014,deserialize,1,162105,400,20260812,16,1,863600,1791024,280792,,true,9961953,12340082,13010580,3048627,19222780,9961953,0
2185675431948801,1389965.0,216684.33333333334,75203928,2142,-959204706,9075080,8359384,7247920,7617552,5186184,$SDKMAN_DIR/candidates/java/25.0.4-librca,BellSoft,OpenJDK 64-Bit Server VM,25.0.4+9-LTS,kotlinx,63,80,16,0,1077,1077,998,1014,deserialize,10,162126,401,20260812,16,1,863600,1791024,280792,77856,true,9061018,11448335,13899650,2888473,18096540,11011177,1950159
2185675431948801,1.32750395E7,267809.77777777775,194699504,2142,-959204706,10193440,9656656,7436096,18147336,5568176,$SDKMAN_DIR/candidates/java/25.0.4-librca,BellSoft,OpenJDK 64-Bit Server VM,25.0.4+9-LTS,jackson,400,80,601,0,1999,1999,998,1599,deserialize,10,162148,402,20260812,16,1,6925640,1792272,10589952,66312,true,60912896,11324469,132750395,69427211,18011500,63323184,2410288
81,4.5759011E7,,119551632,2142,-959204706,10242624,10242624,7328528,8415560,5246320,$SDKMAN_DIR/candidates/java/25.0.4-librca,BellSoft,OpenJDK 64-Bit Server VM,25.0.4+9-LTS,gson,197,80,197,,1392,1392,998,1195,deserialize,1,162171,403,20260812,16,1,1831080,1792272,1273568,,true,27477543,15250316,45759011,18281468,21471613,27477543,0
-7711186731443673343,213309.69,68688.21212121213,93664896,2142,-959204706,9080312,8362480,7247920,7617552,5186184,$SDKMAN_DIR/candidates/java/25.0.4-librca,BellSoft,OpenJDK 64-Bit Server VM,25.0.4+9-LTS,kotlinx,69,80,16,0,1083,1083,998,1014,serialize,100,162192,404,20260812,16,1,1037744,1791024,280792,303736,true,11298251,14148421,21330969,3232585,21194720,18098384,6800133
-7711186731443673343,1317585.9,168539.797979798,868653458,2142,-959204706,18597344,9456584,7736064,16353192,5757488,$SDKMAN_DIR/candidates/java/25.0.4-librca,BellSoft,OpenJDK 64-Bit Server VM,25.0.4+9-LTS,fory,363,80,635,344,2340,1996,998,1633,serialize,100,162216,405,20260812,16,1,4601224,1792272,8435808,1060208,true,41282114,12375728,131758590,73791036,19551011,57967554,16685440
2185675431948801,1.3271542E7,283274.77777777775,848657692,2142,-959204706,15245600,12739000,7736064,16353192,5757488,$SDKMAN_DIR/candidates/java/25.0.4-librca,BellSoft,OpenJDK 64-Bit Server VM,25.0.4+9-LTS,fory,560,80,635,40,2233,2193,998,1633,deserialize,10,162262,406,20260812,16,1,5165288,1792272,8435808,38816,true,48062108,14101483,132715420,82103839,21217713,50611581,2549473
-1473038263736110079,526126.67,151363.0707070707,117440687,2142,-959204706,13496288,10242624,7328528,8415560,5246320,$SDKMAN_DIR/candidates/java/25.0.4-librca,BellSoft,OpenJDK 64-Bit Server VM,25.0.4+9-LTS,gson,197,80,197,27,1419,1392,998,1195,deserialize,100,162308,407,20260812,16,1,1831080,1792272,1273568,1934040,true,23221003,12376239,52612667,14406720,18850807,38205947,14984944
81,1.2957438E7,,80223212,2142,-959204706,8359384,8359384,7247920,7617552,5186184,$SDKMAN_DIR/candidates/java/25.0.4-librca,BellSoft,OpenJDK 64-Bit Server VM,25.0.4+9-LTS,kotlinx,63,80,16,,1077,1077,998,1014,deserialize,1,162332,408,20260812,17,1,863600,1791024,280792,,true,9851824,13816564,12957438,3105614,19853472,9851824,0
59341087977409921,1.27065142E7,282301.77777777775,839704922,2142,-959204706,10988296,9675480,7736064,16353192,5757488,$SDKMAN_DIR/candidates/java/25.0.4-librca,BellSoft,OpenJDK 64-Bit Server VM,25.0.4+9-LTS,fory,383,80,635,64,2080,2016,998,1633,serialize,10,162354,409,20260812,17,1,4601224,1792272,8435808,21600,true,46353757,12286138,127065142,78170669,19743245,48894473,2540716
2173,1.3104897E7,,73589322,2142,-959204706,8362480,8362480,7247920,7617552,5544128,$SDKMAN_DIR/candidates/java/25.0.4-librca,BellSoft,OpenJDK 64-Bit Server VM,25.0.4+9-LTS,kotlinx,69,80,16,,1083,1083,998,1014,serialize,1,162399,410,20260812,17,1,1037744,1791024,280792,,true,10382528,11205265,13104897,2722369,17809447,10382528,0
59341087977409921,1.17234915E7,192592.0,185941112,2142,-959204706,6132400,6132400,7436096,18147360,5568176,$SDKMAN_DIR/candidates/java/25.0.4-librca,BellSoft,OpenJDK 64-Bit Server VM,25.0.4+9-LTS,jackson,282,80,601,2,1883,1881,998,1599,serialize,10,162421,411,20260812,17,1,3464160,1792272,10591904,38536,true,43214819,12394824,117234915,72286768,20390758,44948147,1733328
2173,1.19468231E8,,845910445,2142,-959204706,9917640,9917640,7736064,16353192,5757488,$SDKMAN_DIR/candidates/java/25.0.4-librca,BellSoft,OpenJDK 64-Bit Server VM,25.0.4+9-LTS,fory,396,80,635,,2029,2029,998,1633,serialize,1,162443,412,20260812,17,1,4601224,1792272,8435808,,true,45581335,11340781,119468231,73886896,17950203,45581335,0
2185675431948801,1426455.1,198542.22222222222,75110630,2142,-959204706,8717232,8359384,7247920,7617552,5186184,$SDKMAN_DIR/candidates/java/25.0.4-librca,BellSoft,OpenJDK 64-Bit Server VM,25.0.4+9-LTS,kotlinx,63,80,16,0,1077,1077,998,1014,deserialize,10,162502,413,20260812,17,1,863600,1791024,280792,77856,true,9585471,11376689,14264551,2892200,18304873,11372351,1786880
2185675431948801,4374740.6,245299.55555555556,110644599,2142,-959204706,11316176,10242624,7328528,8415560,5246320,$SDKMAN_DIR/candidates/java/25.0.4-librca,BellSoft,OpenJDK 64-Bit Server VM,25.0.4+9-LTS,gson,197,80,197,0,1392,1392,998,1195,deserialize,10,162524,414,20260812,17,1,1831080,1792272,1273568,96696,true,25013873,12480498,43747406,16525837,19773069,27221569,2207696
-1473038263736110079,555436.92,163339.0606060606,122852081,2142,-959204706,13138440,10242624,7328528,8415560,5604264,$SDKMAN_DIR/candidates/java/25.0.4-librca,BellSoft,OpenJDK 64-Bit Server VM,25.0.4+9-LTS,gson,197,80,197,27,1419,1392,998,1195,deserialize,100,162545,415,20260812,17,1,1831080,1792272,1273568,1934040,true,25575366,13342897,55543692,13797759,19433758,41745933,16170567
2185675431948801,1.29712596E7,359807.22222222225,867718998,2142,-959204706,16471032,13102272,7736064,16353192,5757488,$SDKMAN_DIR/candidates/java/25.0.4-librca,BellSoft,OpenJDK 64-Bit Server VM,25.0.4+9-LTS,fory,525,80,635,89,2247,2158,998,1633,deserialize,10,162568,416,20260812,17,1,5165576,1792272,8435808,38848,true,50696781,12465088,129712596,75777550,19031427,53935046,3238265
-1473038263736110079,1450795.93,168085.81818181818,207849579,2142,-959204706,11645392,9480224,7436096,18150256,5568176,$SDKMAN_DIR/candidates/java/25.0.4-librca,BellSoft,OpenJDK 64-Bit Server VM,25.0.4+9-LTS,jackson,400,80,601,27,2026,1999,998,1599,deserialize,100,162614,417,20260812,17,1,6925640,1792272,10592192,1608024,true,60890822,11282690,145079593,67548275,17659723,77531318,16640496
81,3.7143215E7,,104709194,2142,-959204706,10242624,10242624,7328528,8415560,5246320,$SDKMAN_DIR/candidates/java/25.0.4-librca,BellSoft,OpenJDK 64-Bit Server VM,25.0.4+9-LTS,gson,197,80,197,,1392,1392,998,1195,deserialize,1,162637,418,20260812,17,1,1831080,1792272,1273568,,true,22730615,12630259,37143215,14412600,19395667,22730615,0
59341087977409921,1378985.2,180344.44444444444,74411627,2142,-959204706,8722464,8362480,7247920,7617552,5186184,$SDKMAN_DIR/candidates/java/25.0.4-librca,BellSoft,OpenJDK 64-Bit Server VM,25.0.4+9-LTS,kotlinx,69,80,16,0,1083,1083,998,1014,serialize,10,162658,419,20260812,17,1,1037744,1791024,280792,28456,true,9379751,11214161,13789852,2787001,17575964,11002851,1623100
-7711186731443673343,487839.92,117998.33333333333,113651527,2142,-959204706,12802584,10290840,7328528,8415560,5246320,$SDKMAN_DIR/candidates/java/25.0.4-librca,BellSoft,OpenJDK 64-Bit Server VM,25.0.4+9-LTS,gson,198,80,197,25,1418,1393,998,1195,serialize,100,162680,420,20260812,17,1,1854848,1792272,1273568,1620040,true,22562256,12243750,48783992,14539901,19576107,34244091,11681835
-7711186731443673343,1361632.36,183836.60606060605,868353869,2142,-959204706,21243432,10701400,7736064,16353192,6115432,$SDKMAN_DIR/candidates/java/25.0.4-librca,BellSoft,OpenJDK 64-Bit Server VM,25.0.4+9-LTS,fory,404,80,635,309,2346,2037,998,1633,serialize,100,162703,421,20260812,17,1,4601224,1792272,8435808,1060624,true,42346066,12304113,136163236,75617346,18464945,60545890,18199824
2173,4.0285498E7,,113240189,2142,-959204706,10290840,10290840,7328528,8415560,5246320,$SDKMAN_DIR/candidates/java/25.0.4-librca,BellSoft,OpenJDK 64-Bit Server VM,25.0.4+9-LTS,gson,198,80,197,,1393,1393,998,1195,serialize,1,162749,422,20260812,17,1,1854848,1792272,1273568,,true,24579772,12595615,40285498,15705726,23506531,24579772,0
2185675431948801,1.26852636E7,280606.3333333333,189569400,2142,-959204706,9836848,9657912,7436096,18150248,5568176,$SDKMAN_DIR/candidates/java/25.0.4-librca,BellSoft,OpenJDK 64-Bit Server VM,25.0.4+9-LTS,jackson,400,80,601,0,1999,1999,998,1599,deserialize,10,162770,423,20260812,17,1,6925640,1792272,10593344,66312,true,58092499,11123430,126852636,66234680,17351890,60617956,2525457
59341087977409921,4385858.4,205387.22222222222,110800024,2142,-959204706,11366520,10290840,7328528,8415560,5246320,$SDKMAN_DIR/candidates/java/25.0.4-librca,BellSoft,OpenJDK 64-Bit Server VM,25.0.4+9-LTS,gson,198,80,197,0,1393,1393,998,1195,serialize,10,162793,424,20260812,17,1,1854848,1792272,1273568,75888,true,25252153,12472260,43858584,16757946,19421394,27100638,1848485
-1473038263736110079,220805.93,91278.50505050505,87720198,2142,-959204706,10148648,8359384,7247920,7617552,5186184,$SDKMAN_DIR/candidates/java/25.0.4-librca,BellSoft,OpenJDK 64-Bit Server VM,25.0.4+9-LTS,kotlinx,63,80,16,0,1077,1077,998,1014,deserialize,100,162814,425,20260812,17,1,863600,1791024,280792,851888,true,10031102,12306967,22080593,3012919,18674673,19067674,9036572
-1473038263736110079,1669249.48,225272.84848484848,890853810,2142,-959204706,7071776,13117520,7736064,16353192,5757488,$SDKMAN_DIR/candidates/java/25.0.4-librca,BellSoft,OpenJDK 64-Bit Server VM,25.0.4+9-LTS,fory,546,80,635,229,2408,2179,998,1633,deserialize,100,162839,426,20260812,17,1,5165576,1792272,8435808,1289000,true,57578195,14646573,166924948,87044741,21919490,79880207,22302012
81,1.28096807E8,,886945863,2142,-959204706,12278840,12278840,7736064,16353192,5757488,$SDKMAN_DIR/candidates/java/25.0.4-librca,BellSoft,OpenJDK 64-Bit Server VM,25.0.4+9-LTS,fory,499,80,635,,2134,2132,998,1633,deserialize,1,162885,427,20260812,17,1,5165712,1792272,8435808,,true,46443755,13952240,128096807,81653052,21734920,46443755,0
81,1.29347753E8,,196993170,2142,-959204706,9478648,9478648,7436096,18147328,5210232,$SDKMAN_DIR/candidates/java/25.0.4-librca,BellSoft,OpenJDK 64-Bit Server VM,25.0.4+9-LTS,jackson,400,80,601,,1999,1999,998,1599,deserialize,1,162931,428,20260812,17,1,6925640,1792272,10591616,,true,60554425,10946816,129347753,68793328,20356493,60554425,0
2173,1.11457666E8,,176049445,2142,-959204706,5952304,5952304,7436096,18147360,5568176,$SDKMAN_DIR/candidates/java/25.0.4-librca,BellSoft,OpenJDK 64-Bit Server VM,25.0.4+9-LTS,jackson,282,80,601,,1881,1881,998,1599,serialize,1,162954,429,20260812,17,1,3464160,1792272,10592256,,true,40322358,11837670,111457666,71135308,18892774,40322358,0
-7711186731443673343,1271034.25,105133.58585858585,194476910,2142,-959204706,7194720,6121296,7436096,18028552,5210232,$SDKMAN_DIR/candidates/java/25.0.4-librca,BellSoft,OpenJDK 64-Bit Server VM,25.0.4+9-LTS,jackson,282,80,601,27,1908,1881,998,1599,serialize,100,162976,430,20260812,17,1,3464160,1792272,10589440,1126056,true,41215325,12852498,127103425,75479875,19620551,51623550,10408225
-7711186731443673343,180014.78,59041.878787878784,77900904,2142,-959204706,9080312,8362480,7247920,7617552,5544128,$SDKMAN_DIR/candidates/java/25.0.4-librca,BellSoft,OpenJDK 64-Bit Server VM,25.0.4+9-LTS,kotlinx,69,80,16,0,1083,1083,998,1014,serialize,100,162999,431,20260812,17,1,1037744,1791024,280792,303736,true,9272438,11079347,18001478,2883894,17648500,15117584,5845146
-1473038263736110079,1400123.65,158253.57575757575,204576971,2142,-959204706,11644056,9657832,7436096,18150248,5568176,$SDKMAN_DIR/candidates/java/25.0.4-librca,BellSoft,OpenJDK 64-Bit Server VM,25.0.4+9-LTS,jackson,400,80,601,27,2026,1999,998,1599,deserialize,100,163023,432,20260812,18,1,6925640,1792272,10591744,1608024,true,57218746,11474103,140012365,67126515,18022779,72885850,15667104
2185675431948801,1500481.1,218083.66666666666,80900587,2142,-959204706,8717232,8359384,7247920,7617552,5186184,$SDKMAN_DIR/candidates/java/25.0.4-librca,BellSoft,OpenJDK 64-Bit Server VM,25.0.4+9-LTS,kotlinx,63,80,16,0,1077,1077,998,1014,deserialize,10,163047,433,20260812,18,1,863600,1791024,280792,77856,true,9854328,12197420,15004811,3187730,19564485,11817081,1962753
-7711186731443673343,205130.58,75158.61616161616,85209057,2142,-959204706,8722464,8362480,7247920,7617552,5186184,$SDKMAN_DIR/candidates/java/25.0.4-librca,BellSoft,OpenJDK 64-Bit Server VM,25.0.4+9-LTS,kotlinx,69,80,16,0,1083,1083,998,1014,serialize,100,163068,434,20260812,18,1,1037744,1791024,280792,303736,true,10118418,12470417,20513058,2953937,19215465,17559121,7440703
2173,1.08765082E8,,170616429,2142,-959204706,5952032,5952032,7436096,18147352,5568176,$SDKMAN_DIR/candidates/java/25.0.4-librca,BellSoft,OpenJDK 64-Bit Server VM,25.0.4+9-LTS,jackson,282,80,601,,1881,1881,998,1599,serialize,1,163091,435,20260812,18,1,3464160,1792272,10590080,,true,42052519,11337092,108765082,66712563,17505331,42052519,0
-7711186731443673343,1245437.95,115547.43434343435,192636438,2142,-959204706,7735072,5952384,7436096,18147344,5210232,$SDKMAN_DIR/candidates/java/25.0.4-librca,BellSoft,OpenJDK 64-Bit Server VM,25.0.4+9-LTS,jackson,282,80,601,27,1908,1881,998,1599,serialize,100,163113,436,20260812,18,1,3464160,1792272,10592832,1126056,true,41092143,12079677,124543795,72012456,20440202,52531339,11439196
2185675431948801,1.40289094E7,313168.8888888889,867011976,2142,-959204706,14014120,12754304,7736064,16353192,5757488,$SDKMAN_DIR/candidates/java/25.0.4-librca,BellSoft,OpenJDK 64-Bit Server VM,25.0.4+9-LTS,fory,541,80,635,42,2216,2174,998,1633,deserialize,10,163136,437,20260812,18,1,5165288,1792272,8435808,38880,true,54239439,12486517,140289094,83231135,19473333,57057959,2818520
2185675431948801,4610332.0,273833.44444444444,111243368,2142,-959204706,11674024,10242624,7328528,8415560,5246320,$SDKMAN_DIR/candidates/java/25.0.4-librca,BellSoft,OpenJDK 64-Bit Server VM,25.0.4+9-LTS,gson,197,80,197,0,1392,1392,998,1195,deserialize,10,163181,438,20260812,18,1,1831080,1792272,1273568,96696,true,27211689,12095867,46103320,16427130,19192733,29676190,2464501
81,1.25074399E8,,833699743,2142,-959204706,12647688,12647688,7736064,16353192,5757488,$SDKMAN_DIR/candidates/java/25.0.4-librca,BellSoft,OpenJDK 64-Bit Server VM,25.0.4+9-LTS,fory,519,80,635,,2152,2152,998,1633,deserialize,1,163203,439,20260812,18,1,5165592,1792272,8435808,,true,48302070,12628747,125074399,76772329,18737280,48302070,0
-1473038263736110079,212059.77,93133.81818181818,83982506,2142,-959204706,10148648,8359384,7247920,7617552,5544128,$SDKMAN_DIR/candidates/java/25.0.4-librca,BellSoft,OpenJDK 64-Bit Server VM,25.0.4+9-LTS,kotlinx,63,80,16,0,1077,1077,998,1014,deserialize,100,163248,440,20260812,18,1,863600,1791024,280792,851368,true,9145027,11604280,21205977,2840702,17777714,18365275,9220248
81,1.2106068E7,,71901674,2142,-959204706,8359384,8359384,7247920,7617552,5186184,$SDKMAN_DIR/candidates/java/25.0.4-librca,BellSoft,OpenJDK 64-Bit Server VM,25.0.4+9-LTS,kotlinx,63,80,16,,1077,1077,998,1014,deserialize,1,163273,441,20260812,18,1,863600,1791024,280792,,true,9417402,11333095,12106068,2688666,18061733,9417402,0
-1473038263736110079,1369686.04,215577.94949494948,784928431,2142,-959204706,7888640,13403512,7736064,16353192,5757488,$SDKMAN_DIR/candidates/java/25.0.4-librca,BellSoft,OpenJDK 64-Bit Server VM,25.0.4+9-LTS,fory,533,80,635,234,2400,2166,998,1633,deserialize,100,163295,442,20260812,18,1,5165288,1792272,8435808,1288944,true,45176988,11538214,136968604,70449399,17922619,66519205,21342217
-7711186731443673343,461827.22,106648.0808080808,105592950,2142,-959204706,12802584,10290840,7328528,8415560,5604264,$SDKMAN_DIR/candidates/java/25.0.4-librca,BellSoft,OpenJDK 64-Bit Server VM,25.0.4+9-LTS,gson,198,80,197,25,1418,1393,998,1195,serialize,100,163342,443,20260812,18,1,1854848,1792272,1273568,1620208,true,21782010,10862515,46182722,13842552,17193921,32340170,10558160
2185675431948801,1.25846887E7,285227.22222222225,186202765,2142,-959204706,9836048,9657112,7436096,18150248,5210232,$SDKMAN_DIR/candidates/java/25.0.4-librca,BellSoft,OpenJDK 64-Bit Server VM,25.0.4+9-LTS,jackson,400,80,601,0,1999,1999,998,1599,deserialize,10,163365,444,20260812,18,1,6925640,1792272,10591488,66312,true,57645852,10851094,125846887,65633990,17397205,60212897,2567045
81,1.58048803E8,,230422261,2142,-959204706,9628792,9628792,7436096,18028568,5210232,$SDKMAN_DIR/candidates/java/25.0.4-librca,BellSoft,OpenJDK 64-Bit Server VM,25.0.4+9-LTS,jackson,400,80,601,,1999,1999,998,1599,deserialize,1,163388,445,20260812,18,1,6925640,1792272,10589952,,true,75059528,13999578,158048803,82989275,21703811,75059528,0
59341087977409921,1.3474659E7,220045.11111111112,206408313,2142,-959204706,5943192,5943192,7436096,18028544,5210232,$SDKMAN_DIR/candidates/java/25.0.4-librca,BellSoft,OpenJDK 64-Bit Server VM,25.0.4+9-LTS,jackson,282,80,601,2,1883,1881,998,1599,serialize,10,163411,446,20260812,18,1,3464160,1792272,10589856,38536,true,49976405,13688891,134746590,82789779,21109707,51956811,1980406
2173,1.2057335E7,,79300759,2142,-959204706,8362480,8362480,7247920,7617552,5186184,$SDKMAN_DIR/candidates/java/25.0.4-librca,BellSoft,OpenJDK 64-Bit Server VM,25.0.4+9-LTS,kotlinx,69,80,16,,1083,1083,998,1014,serialize,1,163434,447,20260812,18,1,1037744,1791024,280792,,true,9246148,12325273,12057335,2811187,21847431,9246148,0
-1473038263736110079,568200.29,155882.80808080808,124580220,2142,-959204706,13138440,10242624,7328528,8415560,5246320,$SDKMAN_DIR/candidates/java/25.0.4-librca,BellSoft,OpenJDK 64-Bit Server VM,25.0.4+9-LTS,gson,197,80,197,27,1419,1392,998,1195,deserialize,100,163455,448,20260812,18,1,1831080,1792272,1273568,1934040,true,24849801,12520000,56820029,16537830,19755917,40282199,15432398
59341087977409921,1.29119747E7,226729.88888888888,873387402,2142,-959204706,11111664,10633416,7736064,16353192,6115432,$SDKMAN_DIR/candidates/java/25.0.4-librca,BellSoft,OpenJDK 64-Bit Server VM,25.0.4+9-LTS,fory,408,80,635,48,2089,2041,998,1633,serialize,10,163479,449,20260812,18,1,4601504,1792272,8435808,21600,true,47031736,13407068,129119747,80047442,19490985,49072305,2040569
59341087977409921,4446770.5,205210.33333333334,110085745,2142,-959204706,11366520,10290840,7328528,8415560,5246320,$SDKMAN_DIR/candidates/java/25.0.4-librca,BellSoft,OpenJDK 64-Bit Server VM,25.0.4+9-LTS,gson,198,80,197,0,1393,1393,998,1195,serialize,10,163525,450,20260812,18,1,1854848,1792272,1273568,75888,true,25659552,12626893,44467705,16961260,19069568,27506445,1846893
59341087977409921,1496004.6,170631.77777777778,78199516,2142,-959204706,8722464,8362480,7247920,7617552,5186184,$SDKMAN_DIR/candidates/java/25.0.4-librca,BellSoft,OpenJDK 64-Bit Server VM,25.0.4+9-LTS,kotlinx,69,80,16,0,1083,1083,998,1014,serialize,10,163547,451,20260812,18,1,1037744,1791024,280792,28456,true,10368040,12431693,14960046,3056320,19100857,11903726,1535686
-7711186731443673343,1372417.67,181616.53535353535,903071278,2142,-959204706,21596512,10486976,7736064,16353192,5757488,$SDKMAN_DIR/candidates/java/25.0.4-librca,BellSoft,OpenJDK 64-Bit Server VM,25.0.4+9-LTS,fory,414,80,635,298,2345,2047,998,1633,serialize,100,163569,452,20260812,18,1,4601504,1792272,8435808,1060464,true,44155936,12462220,137241767,75105794,19005498,62135973,17980037
2173,3.6489106E7,,100131868,2142,-959204706,10290840,10290840,7328528,8415560,5604264,$SDKMAN_DIR/candidates/java/25.0.4-librca,BellSoft,OpenJDK 64-Bit Server VM,25.0.4+9-LTS,gson,198,80,197,,1393,1393,998,1195,serialize,1,163615,453,20260812,18,1,1854848,1792272,1273568,,true,22528470,10862015,36489106,13960636,18778637,22528470,0
81,3.7310929E7,,100113101,2142,-959204706,10242624,10242624,7328528,8415560,5604264,$SDKMAN_DIR/candidates/java/25.0.4-librca,BellSoft,OpenJDK 64-Bit Server VM,25.0.4+9-LTS,gson,197,80,197,,1392,1392,998,1195,deserialize,1,163637,454,20260812,18,1,1831080,1792272,1273568,,true,23229867,11428606,37310929,14081062,17955510,23229867,0
2173,1.25238795E8,,860902076,2142,-959204706,9568000,9568000,7736064,16353192,5757488,$SDKMAN_DIR/candidates/java/25.0.4-librca,BellSoft,OpenJDK 64-Bit Server VM,25.0.4+9-LTS,fory,385,80,635,,2018,2018,998,1633,serialize,1,163659,455,20260812,18,1,4601224,1792272,8435808,,true,46324919,12461889,125238795,78913876,19981845,46324919,0
81,1.26289501E8,,194674263,2142,-959204706,9478648,9478648,7436096,18147328,5210232,$SDKMAN_DIR/candidates/java/25.0.4-librca,BellSoft,OpenJDK 64-Bit Server VM,25.0.4+9-LTS,jackson,400,80,601,,1999,1999,998,1599,deserialize,1,163702,456,20260812,19,1,6925640,1792272,10591616,,true,58307833,11143236,126289501,67981668,21982977,58307833,0
-7711186731443673343,222009.99,72046.75757575757,96036281,2142,-959204706,8722464,8362480,7247920,7617552,5186184,$SDKMAN_DIR/candidates/java/25.0.4-librca,BellSoft,OpenJDK 64-Bit Server VM,25.0.4+9-LTS,kotlinx,69,80,16,0,1083,1083,998,1014,serialize,100,163725,457,20260812,19,1,1037744,1791024,280792,303736,true,11581776,14155264,22200999,3486594,22636103,18714405,7132629
2173,1.1663985E8,,844275101,2142,-959204706,10177064,10177064,7736064,16353192,5757488,$SDKMAN_DIR/candidates/java/25.0.4-librca,BellSoft,OpenJDK 64-Bit Server VM,25.0.4+9-LTS,fory,409,80,635,,2043,2042,998,1633,serialize,1,163749,458,20260812,19,1,4601224,1792272,8435808,,true,43981235,11622854,116639850,72658615,18721780,43981235,0
-1473038263736110079,220820.66,91287.20202020202,84629497,2142,-959204706,10148624,8359384,7247920,7617552,5186184,$SDKMAN_DIR/candidates/java/25.0.4-librca,BellSoft,OpenJDK 64-Bit Server VM,25.0.4+9-LTS,kotlinx,63,80,16,0,1077,1077,998,1014,deserialize,100,163792,459,20260812,19,1,863600,1791024,280792,851888,true,9957855,12299542,22082066,3086778,18369144,18995288,9037433
-7711186731443673343,1329148.01,178020.9393939394,880209702,2142,-959204706,21449320,10601592,7736064,16353192,6115432,$SDKMAN_DIR/candidates/java/25.0.4-librca,BellSoft,OpenJDK 64-Bit Server VM,25.0.4+9-LTS,fory,413,80,635,300,2346,2046,998,1633,serialize,100,163817,460,20260812,19,1,4601224,1792272,8435808,1060656,true,43427297,12534288,132914801,71863431,19648242,61051370,17624073
81,1.18212322E8,,842668914,2142,-959204706,12978960,12978960,7736064,16353192,5757488,$SDKMAN_DIR/candidates/java/25.0.4-librca,BellSoft,OpenJDK 64-Bit Server VM,25.0.4+9-LTS,fory,526,80,635,,2159,2159,998,1633,deserialize,1,163862,461,20260812,19,1,5165288,1792272,8435808,,true,45865869,13786635,118212322,72346453,22134364,45865869,0
-7711186731443673343,1411539.65,132269.47474747474,212416596,2142,-959204706,7744296,6107824,7436096,18150232,5210232,$SDKMAN_DIR/candidates/java/25.0.4-librca,BellSoft,OpenJDK 64-Bit Server VM,25.0.4+9-LTS,jackson,282,80,601,27,1908,1881,998,1599,serialize,100,163907,462,20260812,19,1,3464160,1792272,10592640,1125992,true,49915939,13549035,141153965,78143348,21849856,63010617,13094678
59341087977409921,1.12476635E7,208225.0,186106073,2142,-959204706,6132336,6132336,7436096,18147328,5210232,$SDKMAN_DIR/candidates/java/25.0.4-librca,BellSoft,OpenJDK 64-Bit Server VM,25.0.4+9-LTS,jackson,282,80,601,2,1883,1881,998,1599,serialize,10,163930,463,20260812,19,1,3464160,1792272,10592256,38536,true,40866614,14038872,112476635,69735996,22265212,42740639,1874025
-1473038263736110079,1469778.59,242441.67676767678,843563229,2142,-959204706,6952824,12635112,7736064,16353192,5757488,$SDKMAN_DIR/candidates/java/25.0.4-librca,BellSoft,OpenJDK 64-Bit Server VM,25.0.4+9-LTS,fory,538,80,635,253,2424,2171,998,1633,deserialize,100,163953,464,20260812,19,1,5165424,1792272,8435808,1289232,true,48949422,12399172,146977859,74026711,19333918,72951148,24001726
59341087977409921,4069743.2,174792.77777777778,107009884,2142,-959204706,11366520,10290840,7328528,8415560,5246320,$SDKMAN_DIR/candidates/java/25.0.4-librca,BellSoft,OpenJDK 64-Bit Server VM,25.0.4+9-LTS,gson,198,80,197,0,1393,1393,998,1195,serialize,10,163998,465,20260812,19,1,1854848,1792272,1273568,75888,true,23713109,12120193,40697432,15411188,19470085,25286244,1573135
59341087977409921,1.25152166E7,267238.77777777775,848863006,2142,-959204706,10861776,9887440,7736064,16353192,6115432,$SDKMAN_DIR/candidates/java/25.0.4-librca,BellSoft,OpenJDK 64-Bit Server VM,25.0.4+9-LTS,fory,395,80,635,61,2089,2028,998,1633,serialize,10,164019,466,20260812,19,1,4601224,1792272,8435808,21600,true,45154563,12865984,125152166,77592454,19099163,47559712,2405149
81,1.2024714E7,,72252284,2142,-959204706,8359384,8359384,7247920,7617552,5544128,$SDKMAN_DIR/candidates/java/25.0.4-librca,BellSoft,OpenJDK 64-Bit Server VM,25.0.4+9-LTS,kotlinx,63,80,16,,1077,1077,998,1014,deserialize,1,164064,467,20260812,19,1,863600,1791024,280792,,true,9276095,11706200,12024714,2748619,17799836,9276095,0
2173,4.196503E7,,110644286,2142,-959204706,10290840,10290840,7328528,8415560,5604264,$SDKMAN_DIR/candidates/java/25.0.4-librca,BellSoft,OpenJDK 64-Bit Server VM,25.0.4+9-LTS,gson,198,80,197,,1393,1393,998,1195,serialize,1,164086,468,20260812,19,1,1854848,1792272,1273568,,true,24855580,13073737,41965030,17109450,20120936,24855580,0
2185675431948801,1.31318359E7,277492.77777777775,196954008,2142,-959204706,9835704,9477856,7436096,18147360,5210232,$SDKMAN_DIR/candidates/java/25.0.4-librca,BellSoft,OpenJDK 64-Bit Server VM,25.0.4+9-LTS,jackson,400,80,601,0,1999,1999,998,1599,deserialize,10,164107,469,20260812,19,1,6925640,1792272,10590560,66312,true,62600249,12461960,131318359,66220675,19336542,65097684,2497435
-1473038263736110079,519302.48,149799.49494949495,115240270,2142,-959204706,13496288,10242624,7328528,8415560,5604264,$SDKMAN_DIR/candidates/java/25.0.4-librca,BellSoft,OpenJDK 64-Bit Server VM,25.0.4+9-LTS,gson,197,80,197,27,1419,1392,998,1195,deserialize,100,164129,470,20260812,19,1,1831080,1792272,1273568,1934040,true,23109187,11367259,51930248,13990911,18349925,37939337,14830150
2173,1.3336334E7,,77507634,2142,-959204706,8362480,8362480,7247920,7617552,5186184,$SDKMAN_DIR/candidates/java/25.0.4-librca,BellSoft,OpenJDK 64-Bit Server VM,25.0.4+9-LTS,kotlinx,69,80,16,,1083,1083,998,1014,serialize,1,164153,471,20260812,19,1,1037744,1791024,280792,,true,10211714,12411746,13336334,3124620,19137996,10211714,0
2185675431948801,3987601.9,229154.44444444444,102558835,2142,-959204706,11674024,10242624,7328528,8415560,5246320,$SDKMAN_DIR/candidates/java/25.0.4-librca,BellSoft,OpenJDK 64-Bit Server VM,25.0.4+9-LTS,gson,197,80,197,0,1392,1392,998,1195,deserialize,10,164174,472,20260812,19,1,1831080,1792272,1273568,96696,true,23797880,11323056,39876019,14015749,17995206,25860270,2062390
59341087977409921,1361058.1,166779.88888888888,80631731,2142,-959204706,8722464,8362480,7247920,7617552,5186184,$SDKMAN_DIR/candidates/java/25.0.4-librca,BellSoft,OpenJDK 64-Bit Server VM,25.0.4+9-LTS,kotlinx,69,80,16,0,1083,1083,998,1014,serialize,10,164196,473,20260812,19,1,1037744,1791024,280792,28456,true,9377806,11677206,13610581,2731756,22590015,10878825,1501019
2185675431948801,1.24653073E7,293240.22222222225,880610414,2142,-959204706,15197744,12798736,7736064,16353192,6115432,$SDKMAN_DIR/candidates/java/25.0.4-librca,BellSoft,OpenJDK 64-Bit Server VM,25.0.4+9-LTS,fory,535,80,635,56,2224,2168,998,1633,deserialize,10,164218,474,20260812,19,1,5165288,1792272,8435808,38816,true,47459573,11408026,124653073,74554338,20830067,50098735,2639162
2173,1.14092326E8,,178349799,2142,-959204706,5927848,5927848,7436096,18150264,5210232,$SDKMAN_DIR/candidates/java/25.0.4-librca,BellSoft,OpenJDK 64-Bit Server VM,25.0.4+9-LTS,jackson,282,80,601,,1881,1881,998,1599,serialize,1,164263,475,20260812,19,1,3464160,1792272,10592768,,true,43320794,11969208,114092326,70771532,18690199,43320794,0
2185675431948801,1413396.2,212872.55555555556,74919307,2142,-959204706,9075080,8359384,7247920,7617552,5186184,$SDKMAN_DIR/candidates/java/25.0.4-librca,BellSoft,OpenJDK 64-Bit Server VM,25.0.4+9-LTS,kotlinx,63,80,16,0,1077,1077,998,1014,deserialize,10,164286,476,20260812,19,1,863600,1791024,280792,77856,true,9335737,11365706,14133962,2882372,18207778,11251590,1915853
-1473038263736110079,1764498.15,198657.33333333334,248134565,2142,-959204706,11644536,9479224,7436096,18147344,5210232,$SDKMAN_DIR/candidates/java/25.0.4-librca,BellSoft,OpenJDK 64-Bit Server VM,25.0.4+9-LTS,jackson,400,80,601,27,2026,1999,998,1599,deserialize,100,164308,477,20260812,19,1,6925640,1792272,10593088,1608024,true,72302909,13817373,176449815,84479830,21602988,91969985,19667076
81,4.2027527E7,,110631351,2142,-959204706,10242624,10242624,7328528,8415560,5604264,$SDKMAN_DIR/candidates/java/25.0.4-librca,BellSoft,OpenJDK 64-Bit Server VM,25.0.4+9-LTS,gson,197,80,197,,1392,1392,998,1195,deserialize,1,164331,478,20260812,19,1,1831080,1792272,1273568,,true,25952234,12732051,42027527,16075293,19550586,25952234,0
-7711186731443673343,581679.27,132301.33333333334,134440011,2142,-959204706,12759960,10594256,7328528,8410272,5604264,$SDKMAN_DIR/candidates/java/25.0.4-librca,BellSoft,OpenJDK 64-Bit Server VM,25.0.4+9-LTS,gson,198,80,197,25,1418,1393,998,1195,serialize,100,164352,479,20260812,19,1,1854848,1792272,1273568,1620040,true,27267713,14732123,58167927,17802382,22973621,40365545,13097832
81,1.18104754E8,,861976571,2142,-959204706,12614376,12614376,7736064,16353192,6115432,$SDKMAN_DIR/candidates/java/25.0.4-librca,BellSoft,OpenJDK 64-Bit Server VM,25.0.4+9-LTS,fory,523,80,635,,2156,2156,998,1633,deserialize,1,164374,480,20260812,20,1,5165576,1792272,8435808,,true,46575129,11467840,118104754,71529625,17900625,46575129,0
2173,1.3716684E7,,81984810,2142,-959204706,8362480,8362480,7247920,7617552,5186184,$SDKMAN_DIR/candidates/java/25.0.4-librca,BellSoft,OpenJDK 64-Bit Server VM,25.0.4+9-LTS,kotlinx,69,80,16,,1083,1083,998,1014,serialize,1,164418,481,20260812,20,1,1037744,1791024,280792,,true,10453081,12788667,13716684,3263603,19769531,10453081,0
-1473038263736110079,554045.08,154031.52525252526,118093633,2142,-959204706,13138440,10242624,7328528,8415560,5604264,$SDKMAN_DIR/candidates/java/25.0.4-librca,BellSoft,OpenJDK 64-Bit Server VM,25.0.4+9-LTS,gson,197,80,197,27,1419,1392,998,1195,deserialize,100,164440,482,20260812,20,1,1831080,1792272,1273568,1934040,true,24561534,11561326,55404508,15593853,17759329,39810655,15249121
2185675431948801,1.32348284E7,288200.6666666667,194961945,2142,-959204706,9835248,9477400,7436096,18147344,5568176,$SDKMAN_DIR/candidates/java/25.0.4-librca,BellSoft,OpenJDK 64-Bit Server VM,25.0.4+9-LTS,jackson,400,80,601,0,1999,1999,998,1599,deserialize,10,164463,483,20260812,20,1,6925640,1792272,10591296,66312,true,59564916,11667619,132348284,70189562,18099412,62158722,2593806
59341087977409921,1.24256359E7,294409.0,847922965,2142,-959204706,10387488,9509856,7736064,16353192,5757488,$SDKMAN_DIR/candidates/java/25.0.4-librca,BellSoft,OpenJDK 64-Bit Server VM,25.0.4+9-LTS,fory,388,80,635,62,2083,2021,998,1633,serialize,10,164486,484,20260812,20,1,4601224,1792272,8435808,21600,true,44272113,12990628,124256359,77334565,19764831,46921794,2649681
2185675431948801,1.2236986E7,355780.6666666667,846644873,2142,-959204706,14405728,12801168,7736064,16353192,6115432,$SDKMAN_DIR/candidates/java/25.0.4-librca,BellSoft,OpenJDK 64-Bit Server VM,25.0.4+9-LTS,fory,529,80,635,67,2229,2162,998,1633,deserialize,10,164531,485,20260812,20,1,5165576,1792272,8435808,38888,true,46528760,12630879,122369860,72639074,19334348,49730786,3202026
2185675431948801,3908544.1,231455.44444444444,102697915,2142,-959204706,11674024,10242624,7328528,8415560,5246320,$SDKMAN_DIR/candidates/java/25.0.4-librca,BellSoft,OpenJDK 64-Bit Server VM,25.0.4+9-LTS,gson,197,80,197,0,1392,1392,998,1195,deserialize,10,164577,486,20260812,20,1,1831080,1792272,1273568,96696,true,22828415,11519767,39085441,14173927,17503343,24911514,2083099
2185675431948801,1365723.9,203359.11111111112,72849251,2142,-959204706,9075080,8359384,7247920,7617552,5186184,$SDKMAN_DIR/candidates/java/25.0.4-librca,BellSoft,OpenJDK 64-Bit Server VM,25.0.4+9-LTS,kotlinx,63,80,16,0,1077,1077,998,1014,deserialize,10,164599,487,20260812,20,1,863600,1791024,280792,77856,true,9077517,11167672,13657239,2749490,17328724,10907749,1830232
-1473038263736110079,1560289.0,212174.51515151514,221356794,2142,-959204706,11643752,9657416,7436096,18147344,5210232,$SDKMAN_DIR/candidates/java/25.0.4-librca,BellSoft,OpenJDK 64-Bit Server VM,25.0.4+9-LTS,jackson,400,80,601,27,2026,1999,998,1599,deserialize,100,164621,488,20260812,20,1,6925640,1792272,10591616,1608024,true,64072913,11941215,156028900,70950710,18155909,85078190,21005277
81,3.743911E7,,96639436,2142,-959204706,10242624,10242624,7328528,8415560,5604264,$SDKMAN_DIR/candidates/java/25.0.4-librca,BellSoft,OpenJDK 64-Bit Server VM,25.0.4+9-LTS,gson,197,80,197,,1392,1392,998,1195,deserialize,1,164644,489,20260812,20,1,1831080,1792272,1273568,,true,23047731,10880839,37439110,14391379,17000042,23047731,0
59341087977409921,1.06504634E7,175073.33333333334,166901762,2142,-959204706,6130856,6130856,7436096,18147336,5568176,$SDKMAN_DIR/candidates/java/25.0.4-librca,BellSoft,OpenJDK 64-Bit Server VM,25.0.4+9-LTS,jackson,282,80,601,2,1883,1881,998,1599,serialize,10,164666,490,20260812,20,1,3464160,1792272,10590720,38536,true,40103619,10840884,106504634,64825355,17416861,41679279,1575660
59341087977409921,3784343.4,180960.0,98173767,2142,-959204706,11366520,10290840,7328528,8415560,5246320,$SDKMAN_DIR/candidates/java/25.0.4-librca,BellSoft,OpenJDK 64-Bit Server VM,25.0.4+9-LTS,gson,198,80,197,0,1393,1393,998,1195,serialize,10,164689,491,20260812,20,1,1854848,1792272,1273568,75888,true,21833305,11206415,37843434,14381489,17165846,23461945,1628640
-1473038263736110079,1396644.3,206543.0707070707,897775047,2142,-959204706,7696864,12846112,7736064,16353192,5757488,$SDKMAN_DIR/candidates/java/25.0.4-librca,BellSoft,OpenJDK 64-Bit Server VM,25.0.4+9-LTS,fory,515,80,635,214,2362,2148,998,1633,deserialize,100,164710,492,20260812,20,1,5165288,1792272,8435808,1289224,true,45786648,12521422,139664430,73430018,18805618,66234412,20447764
-1473038263736110079,200951.76,83945.22222222222,85596608,2142,-959204706,10148624,8359384,7247920,7617552,5186184,$SDKMAN_DIR/candidates/java/25.0.4-librca,BellSoft,OpenJDK 64-Bit Server VM,25.0.4+9-LTS,kotlinx,63,80,16,0,1077,1077,998,1014,deserialize,100,164755,493,20260812,20,1,863600,1791024,280792,851960,true,8938265,11522593,20095176,2846334,18784708,17248842,8310577
-7711186731443673343,516600.55,114692.17171717172,115647413,2142,-959204706,12802584,10290840,7328528,8415560,5246320,$SDKMAN_DIR/candidates/java/25.0.4-librca,BellSoft,OpenJDK 64-Bit Server VM,25.0.4+9-LTS,gson,198,80,197,25,1418,1393,998,1195,serialize,100,164781,494,20260812,20,1,1854848,1792272,1273568,1620040,true,24677773,12398077,51660055,15627757,18760031,36032298,11354525
2173,4.0648899E7,,107869885,2142,-959204706,10290840,10290840,7328528,8415560,5246320,$SDKMAN_DIR/candidates/java/25.0.4-librca,BellSoft,OpenJDK 64-Bit Server VM,25.0.4+9-LTS,gson,198,80,197,,1393,1393,998,1195,serialize,1,164804,495,20260812,20,1,1854848,1792272,1273568,,true,24442358,12968658,40648899,16206541,19734514,24442358,0
2173,1.15444511E8,,178012905,2142,-959204706,6121344,6121344,7436096,18028624,5568176,$SDKMAN_DIR/candidates/java/25.0.4-librca,BellSoft,OpenJDK 64-Bit Server VM,25.0.4+9-LTS,jackson,282,80,601,,1881,1881,998,1599,serialize,1,164825,496,20260812,20,1,3464160,1792272,10590080,,true,42715849,11438563,115444511,72728662,18391844,42715849,0
-7711186731443673343,1413567.29,168437.36363636365,914633051,2142,-959204706,21281968,10531024,7736064,16353192,5757488,$SDKMAN_DIR/candidates/java/25.0.4-librca,BellSoft,OpenJDK 64-Bit Server VM,25.0.4+9-LTS,fory,398,80,635,315,2346,2031,998,1633,serialize,100,164848,497,20260812,20,1,4603576,1792272,8435808,1060272,true,45021919,13686907,141356729,79659511,21096629,61697218,16675299
2173,1.21109053E8,,829025569,2142,-959204706,9695552,9695552,7736064,16353192,6115432,$SDKMAN_DIR/candidates/java/25.0.4-librca,BellSoft,OpenJDK 64-Bit Server VM,25.0.4+9-LTS,fory,388,80,635,,2021,2021,998,1633,serialize,1,164893,498,20260812,20,1,4601224,1792272,8435808,,true,44918164,11812922,121109053,76190889,19507595,44918164,0
81,1.305884E7,,76038370,2142,-959204706,8359384,8359384,7247920,7617552,5186184,$SDKMAN_DIR/candidates/java/25.0.4-librca,BellSoft,OpenJDK 64-Bit Server VM,25.0.4+9-LTS,kotlinx,63,80,16,,1077,1077,998,1014,deserialize,1,164938,499,20260812,20,1,863600,1791024,280792,,true,9943807,12181458,13058840,3115033,18972553,9943807,0
-7711186731443673343,205979.86,66366.72727272728,92990752,2142,-959204706,9080312,8362480,7247920,7617552,5186184,$SDKMAN_DIR/candidates/java/25.0.4-librca,BellSoft,OpenJDK 64-Bit Server VM,25.0.4+9-LTS,kotlinx,69,80,16,0,1083,1083,998,1014,serialize,100,164960,500,20260812,20,1,1037744,1791024,280792,303736,true,10905075,12466957,20597986,3122605,22802607,17475381,6570306
-7711186731443673343,1292874.8,111329.45454545454,199310704,2142,-959204706,7375736,5950984,7436096,18147352,5210232,$SDKMAN_DIR/candidates/java/25.0.4-librca,BellSoft,OpenJDK 64-Bit Server VM,25.0.4+9-LTS,jackson,282,80,601,27,1908,1881,998,1599,serialize,100,164984,501,20260812,20,1,3464160,1792272,10590144,1126056,true,43630868,13726971,129287480,74634996,21163226,54652484,11021616
59341087977409921,1582783.4,186186.55555555556,82222586,2142,-959204706,8722464,8362480,7247920,7617552,5186184,$SDKMAN_DIR/candidates/java/25.0.4-librca,BellSoft,OpenJDK 64-Bit Server VM,25.0.4+9-LTS,kotlinx,69,80,16,0,1083,1083,998,1014,serialize,10,165007,502,20260812,20,1,1037744,1791024,280792,28456,true,10983493,12978716,15827834,3168662,19961443,12659172,1675679
81,1.47521145E8,,212648228,2142,-959204706,9657336,9657336,7436096,18147360,5210232,$SDKMAN_DIR/candidates/java/25.0.4-librca,BellSoft,OpenJDK 64-Bit Server VM,25.0.4+9-LTS,jackson,400,80,601,,1999,1999,998,1599,deserialize,1,165029,503,20260812,20,1,6925640,1792272,10592256,,true,69595405,11856154,147521145,77925740,18953657,69595405,0
2185675431948801,4257967.2,233052.0,109070603,2142,-959204706,11316176,10242624,7328528,8415560,5246320,$SDKMAN_DIR/candidates/java/25.0.4-librca,BellSoft,OpenJDK 64-Bit Server VM,25.0.4+9-LTS,gson,197,80,197,0,1392,1392,998,1195,deserialize,10,165052,504,20260812,21,1,1831080,1792272,1273568,96696,true,25554692,12316043,42579672,14927512,20008903,27652160,2097468
-7711186731443673343,1254475.48,115979.84848484848,189980788,2142,-959204706,7374552,6122168,7436096,18028584,5210232,$SDKMAN_DIR/candidates/java/25.0.4-librca,BellSoft,OpenJDK 64-Bit Server VM,25.0.4+9-LTS,jackson,282,80,601,27,1908,1881,998,1599,serialize,100,165073,505,20260812,21,1,3464160,1792272,10590720,1126056,true,45077065,11713723,125447548,68888478,18175897,56559070,11482005
-7711186731443673343,180290.78,58954.84848484849,82919125,2142,-959204706,9080312,8362480,7247920,7617552,5186184,$SDKMAN_DIR/candidates/java/25.0.4-librca,BellSoft,OpenJDK 64-Bit Server VM,25.0.4+9-LTS,kotlinx,69,80,16,0,1083,1083,998,1014,serialize,100,165096,506,20260812,21,1,1037744,1791024,280792,303736,true,9424664,11190435,18029078,2767884,20080979,15261194,5836530
2173,1.2124551E7,,75196087,2142,-959204706,8362480,8362480,7247920,7617552,5544128,$SDKMAN_DIR/candidates/java/25.0.4-librca,BellSoft,OpenJDK 64-Bit Server VM,25.0.4+9-LTS,kotlinx,69,80,16,,1083,1083,998,1014,serialize,1,165120,507,20260812,21,1,1037744,1791024,280792,,true,9317111,11401384,12124551,2807440,18647036,9317111,0
81,1.20145187E8,,856438683,2142,-959204706,12687824,12508888,7736064,16353192,6115432,$SDKMAN_DIR/candidates/java/25.0.4-librca,BellSoft,OpenJDK 64-Bit Server VM,25.0.4+9-LTS,fory,526,80,635,,2160,2159,998,1633,deserialize,1,165145,508,20260812,21,1,5165424,1792272,8435808,,true,47194847,11470115,120145187,72950340,19062532,47194847,0
2185675431948801,1.28369032E7,311131.77777777775,887907024,2142,-959204706,15803336,13173232,7736064,16353192,5757488,$SDKMAN_DIR/candidates/java/25.0.4-librca,BellSoft,OpenJDK 64-Bit Server VM,25.0.4+9-LTS,fory,559,80,635,40,2232,2192,998,1633,deserialize,10,165191,509,20260812,21,1,5165424,1792272,8435808,38784,true,49700607,12520469,128369032,75868239,19091077,52500793,2800186
-1473038263736110079,1498998.11,214247.8282828283,866790552,2142,-959204706,6638472,12739088,7736064,16353192,5757488,$SDKMAN_DIR/candidates/java/25.0.4-librca,BellSoft,OpenJDK 64-Bit Server VM,25.0.4+9-LTS,fory,531,80,635,244,2408,2164,998,1633,deserialize,100,165237,510,20260812,21,1,5165576,1792272,8435808,1289264,true,49465852,12817421,149899811,79223424,19438665,70676387,21210535
-1473038263736110079,1623810.86,196826.19191919192,228495045,2142,-959204706,11643696,9478560,7436096,18147352,5568176,$SDKMAN_DIR/candidates/java/25.0.4-librca,BellSoft,OpenJDK 64-Bit Server VM,25.0.4+9-LTS,jackson,400,80,601,27,2026,1999,998,1599,deserialize,100,165282,511,20260812,21,1,6925640,1792272,10590272,1608024,true,63689975,11762927,162381086,79205318,18962633,83175768,19485793
2173,4.2942034E7,,114273601,2142,-959204706,10290840,10290840,7328528,8415560,5246320,$SDKMAN_DIR/candidates/java/25.0.4-librca,BellSoft,OpenJDK 64-Bit Server VM,25.0.4+9-LTS,gson,198,80,197,,1393,1393,998,1195,serialize,1,165306,512,20260812,21,1,1854848,1792272,1273568,,true,26779517,12725959,42942034,16162517,21318419,26779517,0
-1473038263736110079,217732.58,88720.71717171717,86425163,2142,-959204706,10148624,8359384,7247920,7617552,5186184,$SDKMAN_DIR/candidates/java/25.0.4-librca,BellSoft,OpenJDK 64-Bit Server VM,25.0.4+9-LTS,kotlinx,63,80,16,0,1077,1077,998,1014,deserialize,100,165327,513,20260812,21,1,863600,1791024,280792,851352,true,9997056,12000967,21773258,2992851,18692072,18780407,8783351
81,1.24632422E8,,188611572,2142,-959204706,9656768,9656768,7436096,18147352,5568176,$SDKMAN_DIR/candidates/java/25.0.4-librca,BellSoft,OpenJDK 64-Bit Server VM,25.0.4+9-LTS,jackson,400,80,601,,1999,1999,998,1599,deserialize,1,165352,514,20260812,21,1,6925640,1792272,10590784,,true,57449231,12178662,124632422,67183191,18527070,57449231,0
2185675431948801,1.39595451E7,293374.77777777775,207122562,2142,-959204706,10014088,9656240,7436096,18147368,5210232,$SDKMAN_DIR/candidates/java/25.0.4-librca,BellSoft,OpenJDK 64-Bit Server VM,25.0.4+9-LTS,jackson,400,80,601,0,1999,1999,998,1599,deserialize,10,165374,515,20260812,21,1,6925640,1792272,10591104,66312,true,62401347,12678999,139595451,74553731,19385393,65041720,2640373
-7711186731443673343,515248.76,119543.85858585859,118978579,2142,-959204706,13160432,10290840,7328528,8415560,5246320,$SDKMAN_DIR/candidates/java/25.0.4-librca,BellSoft,OpenJDK 64-Bit Server VM,25.0.4+9-LTS,gson,198,80,197,25,1418,1393,998,1195,serialize,100,165397,516,20260812,21,1,1854848,1792272,1273568,1620040,true,23841861,12340801,51524876,15848173,21241082,35676703,11834842
59341087977409921,1.16210575E7,176884.55555555556,180347174,2142,-959204706,6129632,6129632,7436096,18147360,5568176,$SDKMAN_DIR/candidates/java/25.0.4-librca,BellSoft,OpenJDK 64-Bit Server VM,25.0.4+9-LTS,jackson,282,80,601,2,1883,1881,998,1599,serialize,10,165421,517,20260812,21,1,3464160,1792272,10591040,38536,true,41802009,12260057,116210575,72816605,18577475,43393970,1591961
2185675431948801,1663212.4,211695.88888888888,81208366,2142,-959204706,9075080,8359384,7247920,7617552,5186184,$SDKMAN_DIR/candidates/java/25.0.4-librca,BellSoft,OpenJDK 64-Bit Server VM,25.0.4+9-LTS,kotlinx,63,80,16,0,1077,1077,998,1014,deserialize,10,165443,518,20260812,21,1,863600,1791024,280792,77856,true,11382527,13705502,16632124,3344334,19886229,13287790,1905263
81,1.57041E7,,90797611,2142,-959204706,8359384,8359384,7247920,7617552,5186184,$SDKMAN_DIR/candidates/java/25.0.4-librca,BellSoft,OpenJDK 64-Bit Server VM,25.0.4+9-LTS,kotlinx,63,80,16,,1077,1077,998,1014,deserialize,1,165465,519,20260812,21,1,863600,1791024,280792,,true,11981961,15085089,15704100,3722139,23978660,11981961,0
-1473038263736110079,512934.9,143211.15151515152,113818078,2142,-959204706,13138440,10242624,7328528,8415560,5246320,$SDKMAN_DIR/candidates/java/25.0.4-librca,BellSoft,OpenJDK 64-Bit Server VM,25.0.4+9-LTS,gson,197,80,197,27,1419,1392,998,1195,deserialize,100,165487,520,20260812,21,1,1831080,1792272,1273568,1934040,true,23037220,11476005,51293490,14078366,17890264,37215124,14177904
59341087977409921,4617779.2,195995.11111111112,116966975,2142,-959204706,11366520,10290840,7328528,8415560,5246320,$SDKMAN_DIR/candidates/java/25.0.4-librca,BellSoft,OpenJDK 64-Bit Server VM,25.0.4+9-LTS,gson,198,80,197,0,1393,1393,998,1195,serialize,10,165511,521,20260812,21,1,1854848,1792272,1273568,75888,true,26957152,13483712,46177792,17456684,20780131,28721108,1763956
59341087977409921,1.19626334E7,312324.0,832218915,2142,-959204706,11244480,9950848,7736064,16353192,6115432,$SDKMAN_DIR/candidates/java/25.0.4-librca,BellSoft,OpenJDK 64-Bit Server VM,25.0.4+9-LTS,fory,385,80,635,68,2086,2018,998,1633,serialize,10,165533,522,20260812,21,1,4601224,1792272,8435808,21600,true,44933660,11271287,119626334,71881758,18149875,47744576,2810916
81,3.7181829E7,,98574519,2142,-959204706,10242624,10242624,7328528,8415560,5604264,$SDKMAN_DIR/candidates/java/25.0.4-librca,BellSoft,OpenJDK 64-Bit Server VM,25.0.4+9-LTS,gson,197,80,197,,1392,1392,998,1195,deserialize,1,165579,523,20260812,21,1,1831080,1792272,1273568,,true,23546561,10914541,37181829,13635268,17277396,23546561,0
2173,1.26336985E8,,844672704,2142,-959204706,10099120,10099120,7736064,16353192,6115432,$SDKMAN_DIR/candidates/java/25.0.4-librca,BellSoft,OpenJDK 64-Bit Server VM,25.0.4+9-LTS,fory,393,80,635,,2026,2026,998,1633,serialize,1,165601,524,20260812,21,1,4601224,1792272,8435808,,true,48045046,12741126,126336985,78291939,19363331,48045046,0
-7711186731443673343,1371003.88,166037.54545454544,859921650,2142,-959204706,18790080,10185264,7736064,16353192,5757488,$SDKMAN_DIR/candidates/java/25.0.4-librca,BellSoft,OpenJDK 64-Bit Server VM,25.0.4+9-LTS,fory,403,80,635,295,2331,2036,998,1633,serialize,100,165645,525,20260812,21,1,4601224,1792272,8435808,1060368,true,44358442,12534646,137100388,76304229,19986038,60796159,16437717
2173,1.1175777E8,,176080731,2142,-959204706,6131552,6131552,7436096,18147360,5210232,$SDKMAN_DIR/candidates/java/25.0.4-librca,BellSoft,OpenJDK 64-Bit Server VM,25.0.4+9-LTS,jackson,282,80,601,,1881,1881,998,1599,serialize,1,165691,526,20260812,21,1,3464160,1792272,10592896,,true,41545121,12577507,111757770,70212649,18294389,41545121,0
59341087977409921,1508027.0,191187.0,79835638,2142,-959204706,8722464,8362480,7247920,7617552,5186184,$SDKMAN_DIR/candidates/java/25.0.4-librca,BellSoft,OpenJDK 64-Bit Server VM,25.0.4+9-LTS,kotlinx,69,80,16,0,1083,1083,998,1014,serialize,10,165714,527,20260812,21,1,1037744,1791024,280792,28456,true,10317393,12589089,15080270,3042194,19180215,12038076,1720683
59341087977409921,1.16175125E7,210424.66666666666,180024720,2142,-959204706,5951848,5951848,7436096,18147352,5568176,$SDKMAN_DIR/candidates/java/25.0.4-librca,BellSoft,OpenJDK 64-Bit Server VM,25.0.4+9-LTS,jackson,282,80,601,2,1883,1881,998,1599,serialize,10,165736,528,20260812,22,1,3464160,1792272,10590848,38536,true,43449864,11216313,116175125,70831439,18531067,45343686,1893822
2185675431948801,1.34143978E7,280843.22222222225,199968267,2142,-959204706,9837456,9479608,7436096,18147368,5210232,$SDKMAN_DIR/candidates/java/25.0.4-librca,BellSoft,OpenJDK 64-Bit Server VM,25.0.4+9-LTS,jackson,400,80,601,0,1999,1999,998,1599,deserialize,10,165759,529,20260812,22,1,6925640,1792272,10593664,66312,true,59560064,11967052,134143978,72056325,19835304,62087653,2527589
2185675431948801,1.25868469E7,266134.44444444444,879231479,2142,-959204706,14986656,13194240,7736064,16353192,6115432,$SDKMAN_DIR/candidates/java/25.0.4-librca,BellSoft,OpenJDK 64-Bit Server VM,25.0.4+9-LTS,fory,538,80,635,57,2228,2171,998,1633,deserialize,10,165781,530,20260812,22,1,5165312,1792272,8435808,38728,true,51645064,11487707,125868469,71828195,17992217,54040274,2395210
2173,1.1733709E8,,183324699,2142,-959204706,6132392,6132392,7436096,18147352,5568176,$SDKMAN_DIR/candidates/java/25.0.4-librca,BellSoft,OpenJDK 64-Bit Server VM,25.0.4+9-LTS,jackson,282,80,601,,1881,1881,998,1599,serialize,1,165827,531,20260812,22,1,3464160,1792272,10592512,,true,43575721,12212949,117337090,73761369,19771702,43575721,0
-7711186731443673343,1311256.65,139984.9393939394,201131216,2142,-959204706,7020352,5953312,7436096,18147344,5210232,$SDKMAN_DIR/candidates/java/25.0.4-librca,BellSoft,OpenJDK 64-Bit Server VM,25.0.4+9-LTS,jackson,282,80,601,27,1908,1881,998,1599,serialize,100,165849,532,20260812,22,1,3464160,1792272,10593696,1126056,true,46072292,12277540,131125665,71194864,21952067,59930801,13858509
-1473038263736110079,668082.8,215476.31313131313,139234483,2142,-959204706,13138440,10242624,7328528,8415560,5246320,$SDKMAN_DIR/candidates/java/25.0.4-librca,BellSoft,OpenJDK 64-Bit Server VM,25.0.4+9-LTS,gson,197,80,197,27,1419,1392,998,1195,deserialize,100,165872,533,20260812,22,1,1831080,1792272,1273568,1934040,true,27844460,13777597,66808280,17631665,20627412,49176615,21332155
2185675431948801,1363920.2,194717.0,76650433,2142,-959204706,9075080,8359384,7247920,7617552,5186184,$SDKMAN_DIR/candidates/java/25.0.4-librca,BellSoft,OpenJDK 64-Bit Server VM,25.0.4+9-LTS,kotlinx,63,80,16,0,1077,1077,998,1014,deserialize,10,165895,534,20260812,22,1,863600,1791024,280792,77856,true,8920039,12053596,13639202,2966710,18691781,10672492,1752453
81,3.7649863E7,,97288274,2142,-959204706,10242624,10242624,7328528,8415560,5604264,$SDKMAN_DIR/candidates/java/25.0.4-librca,BellSoft,OpenJDK 64-Bit Server VM,25.0.4+9-LTS,gson,197,80,197,,1392,1392,998,1195,deserialize,1,165916,535,20260812,22,1,1831080,1792272,1273568,,true,23065993,11063594,37649863,14583870,17520895,23065993,0
59341087977409921,1.24891396E7,293869.1111111111,852842734,2142,-959204706,11468448,10451856,7736064,16353192,5757488,$SDKMAN_DIR/candidates/java/25.0.4-librca,BellSoft,OpenJDK 64-Bit Server VM,25.0.4+9-LTS,fory,393,80,635,75,2101,2026,998,1633,serialize,10,165937,536,20260812,22,1,4601224,1792272,8435808,21600,true,43552528,12380274,124891396,78694046,19264494,46197350,2644822
81,1.21864653E8,,182427339,2142,-959204706,9479888,9479888,7436096,18150256,5568176,$SDKMAN_DIR/candidates/java/25.0.4-librca,BellSoft,OpenJDK 64-Bit Server VM,25.0.4+9-LTS,jackson,400,80,601,,1999,1999,998,1599,deserialize,1,165982,537,20260812,22,1,6925640,1792272,10592320,,true,55509941,10865379,121864653,66354712,17420787,55509941,0
81,1.14691295E8,,845317647,2142,-959204706,12515736,12515736,7736064,16353192,5757488,$SDKMAN_DIR/candidates/java/25.0.4-librca,BellSoft,OpenJDK 64-Bit Server VM,25.0.4+9-LTS,fory,501,80,635,,2134,2134,998,1633,deserialize,1,166004,538,20260812,22,1,5165576,1792272,8435808,,true,44469421,11416451,114691295,70221874,18262829,44469421,0
2173,3.9992425E7,,105769192,2142,-959204706,10290840,10290840,7328528,8415560,5246320,$SDKMAN_DIR/candidates/java/25.0.4-librca,BellSoft,OpenJDK 64-Bit Server VM,25.0.4+9-LTS,gson,198,80,197,,1393,1393,998,1195,serialize,1,166050,539,20260812,22,1,1854848,1792272,1273568,,true,24318692,12441569,39992425,15673733,19236099,24318692,0
81,1.2144329E7,,76994052,2142,-959204706,8359384,8359384,7247920,7617552,5186184,$SDKMAN_DIR/candidates/java/25.0.4-librca,BellSoft,OpenJDK 64-Bit Server VM,25.0.4+9-LTS,kotlinx,63,80,16,,1077,1077,998,1014,deserialize,1,166071,540,20260812,22,1,863600,1791024,280792,,true,9340045,12072581,12144329,2804284,19500390,9340045,0
-1473038263736110079,1407224.26,160790.9595959596,203484434,2142,-959204706,11595344,9447088,7436096,18031424,5210232,$SDKMAN_DIR/candidates/java/25.0.4-librca,BellSoft,OpenJDK 64-Bit Server VM,25.0.4+9-LTS,jackson,400,80,601,27,2026,1999,998,1599,deserialize,100,166093,541,20260812,22,1,6925640,1792272,10591040,1608024,true,58261274,11353703,140722426,66542847,18155336,74179579,15918305
-7711186731443673343,1407069.35,163350.33333333334,831030770,2142,-959204706,18958144,9746360,7736064,16353192,5757488,$SDKMAN_DIR/candidates/java/25.0.4-librca,BellSoft,OpenJDK 64-Bit Server VM,25.0.4+9-LTS,fory,384,80,635,312,2329,2017,998,1633,serialize,100,166117,542,20260812,22,1,4601224,1792272,8435808,1060304,true,44180905,13278773,140706935,80354347,21314790,60352588,16171683
-1473038263736110079,1634583.41,222904.47474747474,891033113,2142,-959204706,6705432,13176408,7736064,16353192,5757488,$SDKMAN_DIR/candidates/java/25.0.4-librca,BellSoft,OpenJDK 64-Bit Server VM,25.0.4+9-LTS,fory,508,80,635,246,2387,2141,998,1633,deserialize,100,166161,543,20260812,22,1,5165576,1792272,8435808,1289360,true,53287347,14473663,163458341,88103451,22517626,75354890,22067543
2173,1.3471838E7,,76273158,2142,-959204706,8362480,8362480,7247920,7617552,5186184,$SDKMAN_DIR/candidates/java/25.0.4-librca,BellSoft,OpenJDK 64-Bit Server VM,25.0.4+9-LTS,kotlinx,69,80,16,,1083,1083,998,1014,serialize,1,166208,544,20260812,22,1,1037744,1791024,280792,,true,10337100,12145149,13471838,3134738,18811937,10337100,0
59341087977409921,4200856.6,184243.88888888888,108597720,2142,-959204706,11366520,10290840,7328528,8415560,5246320,$SDKMAN_DIR/candidates/java/25.0.4-librca,BellSoft,OpenJDK 64-Bit Server VM,25.0.4+9-LTS,gson,198,80,197,0,1393,1393,998,1195,serialize,10,166230,545,20260812,22,1,1854848,1792272,1273568,75888,true,24596196,12553871,42008566,15754175,19366787,26254391,1658195
-1473038263736110079,207069.42,84629.25252525252,85966370,2142,-959204706,10148624,8359384,7247920,7617552,5186184,$SDKMAN_DIR/candidates/java/25.0.4-librca,BellSoft,OpenJDK 64-Bit Server VM,25.0.4+9-LTS,kotlinx,63,80,16,0,1077,1077,998,1014,deserialize,100,166251,546,20260812,22,1,863600,1791024,280792,851888,true,9451444,11490752,20706942,2877202,18965537,17829740,8378296
2185675431948801,4010541.8,260188.77777777778,103924822,2142,-959204706,11316176,10242624,7328528,8415560,5246320,$SDKMAN_DIR/candidates/java/25.0.4-librca,BellSoft,OpenJDK 64-Bit Server VM,25.0.4+9-LTS,gson,197,80,197,0,1392,1392,998,1195,deserialize,10,166276,547,20260812,22,1,1831080,1792272,1273568,96696,true,23455560,11360845,40105418,14308159,18840241,25797259,2341699
-7711186731443673343,180951.91,59167.656565656565,81983807,2142,-959204706,9080312,8362480,7247920,7617552,5186184,$SDKMAN_DIR/candidates/java/25.0.4-librca,BellSoft,OpenJDK 64-Bit Server VM,25.0.4+9-LTS,kotlinx,69,80,16,0,1083,1083,998,1014,serialize,100,166297,548,20260812,22,1,1037744,1791024,280792,303736,true,9463156,11769439,18095191,2774437,18129777,15320754,5857598
59341087977409921,1470349.5,181451.88888888888,78824432,2142,-959204706,8722464,8362480,7247920,7617552,5186184,$SDKMAN_DIR/candidates/java/25.0.4-librca,BellSoft,OpenJDK 64-Bit Server VM,25.0.4+9-LTS,kotlinx,69,80,16,0,1083,1083,998,1014,serialize,10,166321,549,20260812,22,1,1037744,1791024,280792,28456,true,10046039,12213509,14703495,3024389,17955607,11679106,1633067
-7711186731443673343,498654.03,114618.47474747474,113513275,2142,-959204706,12802584,10290840,7328528,8415560,5604264,$SDKMAN_DIR/candidates/java/25.0.4-librca,BellSoft,OpenJDK 64-Bit Server VM,25.0.4+9-LTS,gson,198,80,197,25,1418,1393,998,1195,serialize,100,166343,550,20260812,22,1,1854848,1792272,1273568,1620040,true,23696164,11612011,49865403,14822010,18649028,35043393,11347229
2173,1.19944648E8,,911169165,2142,-959204706,10428984,10428984,7736064,16353192,5757488,$SDKMAN_DIR/candidates/java/25.0.4-librca,BellSoft,OpenJDK 64-Bit Server VM,25.0.4+9-LTS,fory,393,80,635,,2026,2026,998,1633,serialize,1,166366,551,20260812,22,1,4601224,1792272,8435808,,true,41379165,12505180,119944648,78565483,19518834,41379165,0
59341087977409921,5865962.5,233612.88888888888,125505373,2142,-959204706,11008672,10290840,7328528,8415560,5604264,$SDKMAN_DIR/candidates/java/25.0.4-librca,BellSoft,OpenJDK 64-Bit Server VM,25.0.4+9-LTS,gson,198,80,197,0,1393,1393,998,1195,serialize,10,166411,552,20260812,23,1,1854848,1792272,1273568,75888,true,36222714,12559532,58659625,20334395,17590678,38325230,2102516
81,1.38302947E8,,204050869,2142,-959204706,9478000,9478000,7436096,18147328,5568176,$SDKMAN_DIR/candidates/java/25.0.4-librca,BellSoft,OpenJDK 64-Bit Server VM,25.0.4+9-LTS,jackson,400,80,601,,1999,1999,998,1599,deserialize,1,166432,553,20260812,23,1,6925640,1792272,10590912,,true,66128331,11526899,138302947,72174616,18905234,66128331,0
59341087977409921,1396874.8,168605.66666666666,77707469,2142,-959204706,8722464,8362480,7247920,7617552,5186184,$SDKMAN_DIR/candidates/java/25.0.4-librca,BellSoft,OpenJDK 64-Bit Server VM,25.0.4+9-LTS,kotlinx,69,80,16,0,1083,1083,998,1014,serialize,10,166455,554,20260812,23,1,1037744,1791024,280792,28456,true,9590056,11867474,13968748,2861241,18922916,11107507,1517451
-1473038263736110079,1607902.74,188220.59595959596,227310627,2142,-959204706,11603200,9629648,7436096,18028600,5568176,$SDKMAN_DIR/candidates/java/25.0.4-librca,BellSoft,OpenJDK 64-Bit Server VM,25.0.4+9-LTS,jackson,400,80,601,27,2026,1999,998,1599,deserialize,100,166477,555,20260812,23,1,6925640,1792272,10590720,1608024,true,66013965,11365183,160790274,76142470,17994451,84647804,18633839
-1473038263736110079,1756078.25,218682.9595959596,872167468,2142,-959204706,6814256,12959648,7736064,16353192,5757488,$SDKMAN_DIR/candidates/java/25.0.4-librca,BellSoft,OpenJDK 64-Bit Server VM,25.0.4+9-LTS,fory,569,80,635,215,2417,2202,998,1633,deserialize,100,166500,556,20260812,23,1,5165312,1792272,8435808,1288904,true,59366442,14560588,175607825,94591770,23530090,81016055,21649613
-7711186731443673343,194786.59,59151.36363636364,84649058,2142,-959204706,8722464,8362480,7247920,7617552,5544128,$SDKMAN_DIR/candidates/java/25.0.4-librca,BellSoft,OpenJDK 64-Bit Server VM,25.0.4+9-LTS,kotlinx,69,80,16,0,1083,1083,998,1014,serialize,100,166545,557,20260812,23,1,1037744,1791024,280792,303736,true,10527730,13195905,19478659,3094944,19474421,16383715,5855985
2185675431948801,1351005.1,192725.55555555556,76197113,2142,-959204706,8717232,8359384,7247920,7617552,5186184,$SDKMAN_DIR/candidates/java/25.0.4-librca,BellSoft,OpenJDK 64-Bit Server VM,25.0.4+9-LTS,kotlinx,63,80,16,0,1077,1077,998,1014,deserialize,10,166569,558,20260812,23,1,863600,1791024,280792,77856,true,8980244,11441979,13510051,2795277,19243583,10714774,1734530
-7711186731443673343,1357076.56,200474.68686868687,855475023,2142,-959204706,21164424,10650992,7736064,16353192,5757488,$SDKMAN_DIR/candidates/java/25.0.4-librca,BellSoft,OpenJDK 64-Bit Server VM,25.0.4+9-LTS,fory,435,80,635,272,2340,2068,998,1633,serialize,100,166591,559,20260812,23,1,4601224,1792272,8435808,1060240,true,44187035,12217747,135707656,71673627,19139056,64034029,19846994
2185675431948801,4252426.8,233400.22222222222,107371728,2142,-959204706,11316176,10242624,7328528,8415560,5246320,$SDKMAN_DIR/candidates/java/25.0.4-librca,BellSoft,OpenJDK 64-Bit Server VM,25.0.4+9-LTS,gson,197,80,197,0,1392,1392,998,1195,deserialize,10,166637,560,20260812,23,1,1831080,1792272,1273568,96696,true,25068478,12034279,42524268,15355188,18853024,27169080,2100602
59341087977409921,1.17876523E7,203868.77777777778,184417214,2142,-959204706,6301520,6122584,7436096,18031440,5210232,$SDKMAN_DIR/candidates/java/25.0.4-librca,BellSoft,OpenJDK 64-Bit Server VM,25.0.4+9-LTS,jackson,282,80,601,2,1883,1881,998,1599,serialize,10,166658,561,20260812,23,1,3464160,1792272,10591168,38536,true,45672645,11446758,117876523,70369059,19124969,47507464,1834819
81,4.0405594E7,,105368420,2142,-959204706,10242624,10242624,7328528,8415560,5604264,$SDKMAN_DIR/candidates/java/25.0.4-librca,BellSoft,OpenJDK 64-Bit Server VM,25.0.4+9-LTS,gson,197,80,197,,1392,1392,998,1195,deserialize,1,166681,562,20260812,23,1,1831080,1792272,1273568,,true,25231267,11932096,40405594,15174327,19034659,25231267,0
2185675431948801,1.30666303E7,348764.1111111111,872791867,2142,-959204706,15759808,12915944,7736064,16353192,5757488,$SDKMAN_DIR/candidates/java/25.0.4-librca,BellSoft,OpenJDK 64-Bit Server VM,25.0.4+9-LTS,fory,538,80,635,73,2244,2171,998,1633,deserialize,10,166702,563,20260812,23,1,5165576,1792272,8435808,38816,true,47042816,14297260,130666303,80484610,22570413,50181693,3138877
81,1.17129741E8,,823893588,2142,-959204706,13676184,13676184,7736064,16353192,5757488,$SDKMAN_DIR/candidates/java/25.0.4-librca,BellSoft,OpenJDK 64-Bit Server VM,25.0.4+9-LTS,fory,543,80,635,,2177,2176,998,1633,deserialize,1,166747,564,20260812,23,1,5165568,1792272,8435808,,true,47564241,11582756,117129741,69565500,22191808,47564241,0
-1473038263736110079,227817.85,94150.9797979798,88504947,2142,-959204706,10148648,8359384,7247920,7617552,5544128,$SDKMAN_DIR/candidates/java/25.0.4-librca,BellSoft,OpenJDK 64-Bit Server VM,25.0.4+9-LTS,kotlinx,63,80,16,0,1077,1077,998,1014,deserialize,100,166793,565,20260812,23,1,863600,1791024,280792,851960,true,10338142,12458932,22781785,3122696,18851080,19659089,9320947
2173,3.8566287E7,,103079901,2142,-959204706,10290840,10290840,7328528,8415560,5246320,$SDKMAN_DIR/candidates/java/25.0.4-librca,BellSoft,OpenJDK 64-Bit Server VM,25.0.4+9-LTS,gson,198,80,197,,1393,1393,998,1195,serialize,1,166819,566,20260812,23,1,1854848,1792272,1273568,,true,24179087,12320420,38566287,14387200,18607721,24179087,0
-1473038263736110079,517141.8,144584.94949494948,114234075,2142,-959204706,13138440,10242624,7328528,8415560,5246320,$SDKMAN_DIR/candidates/java/25.0.4-librca,BellSoft,OpenJDK 64-Bit Server VM,25.0.4+9-LTS,gson,197,80,197,27,1419,1392,998,1195,deserialize,100,166840,567,20260812,23,1,1831080,1792272,1273568,1934040,true,23542062,11283207,51714180,13858208,18014809,37855972,14313910
2173,1.15486402E8,,840002466,2142,-959204706,10227520,10227520,7736064,16353192,5757488,$SDKMAN_DIR/candidates/java/25.0.4-librca,BellSoft,OpenJDK 64-Bit Server VM,25.0.4+9-LTS,fory,411,80,635,,2044,2044,998,1633,serialize,1,166863,568,20260812,23,1,4601224,1792272,8435808,,true,41964100,12179273,115486402,73522302,21821518,41964100,0
-7711186731443673343,1335073.75,120199.0303030303,207475559,2142,-959204706,7374600,6122216,7436096,18028568,5568176,$SDKMAN_DIR/candidates/java/25.0.4-librca,BellSoft,OpenJDK 64-Bit Server VM,25.0.4+9-LTS,jackson,282,80,601,27,1908,1881,998,1599,serialize,100,166908,569,20260812,23,1,3464160,1792272,10590656,1126056,true,44581451,13229899,133507375,77026220,21613916,56481155,11899704
2185675431948801,1.29036697E7,280925.77777777775,190838565,2142,-959204706,10015760,9657912,7436096,18147352,5568176,$SDKMAN_DIR/candidates/java/25.0.4-librca,BellSoft,OpenJDK 64-Bit Server VM,25.0.4+9-LTS,jackson,400,80,601,0,1999,1999,998,1599,deserialize,10,166931,570,20260812,23,1,6925640,1792272,10592320,66312,true,58968839,11387906,129036697,67539526,17304426,61497171,2528332
81,1.2907809E7,,76325222,2142,-959204706,8359384,8359384,7247920,7617552,5186184,$SDKMAN_DIR/candidates/java/25.0.4-librca,BellSoft,OpenJDK 64-Bit Server VM,25.0.4+9-LTS,kotlinx,63,80,16,,1077,1077,998,1014,deserialize,1,166954,571,20260812,23,1,863600,1791024,280792,,true,9831882,12294862,12907809,3075927,18958563,9831882,0
2173,1.20227628E8,,185454883,2142,-959204706,6130200,6130200,7436096,18147360,5210232,$SDKMAN_DIR/candidates/java/25.0.4-librca,BellSoft,OpenJDK 64-Bit Server VM,25.0.4+9-LTS,jackson,282,80,601,,1881,1881,998,1599,serialize,1,166975,572,20260812,23,1,3464160,1792272,10589952,,true,47424117,12155528,120227628,72803511,18898379,47424117,0
2173,1.5097272E7,,84142267,2142,-959204706,8362480,8362480,7247920,7617552,5186184,$SDKMAN_DIR/candidates/java/25.0.4-librca,BellSoft,OpenJDK 64-Bit Server VM,25.0.4+9-LTS,kotlinx,69,80,16,,1083,1083,998,1014,serialize,1,166998,573,20260812,23,1,1037744,1791024,280792,,true,11654751,14141063,15097272,3442521,21767576,11654751,0
-7711186731443673343,515674.92,108993.79797979798,118245872,2142,-959204706,12802584,10290840,7328528,8415560,5246320,$SDKMAN_DIR/candidates/java/25.0.4-librca,BellSoft,OpenJDK 64-Bit Server VM,25.0.4+9-LTS,gson,198,80,197,25,1418,1393,998,1195,serialize,100,167020,574,20260812,23,1,1854848,1792272,1273568,1620208,true,24847721,12865601,51567492,15929385,19989563,35638107,10790386
59341087977409921,1.21234831E7,244936.44444444444,898473705,2142,-959204706,10526288,9631536,7736064,16353192,6115432,$SDKMAN_DIR/candidates/java/25.0.4-librca,BellSoft,OpenJDK 64-Bit Server VM,25.0.4+9-LTS,fory,375,80,635,58,2066,2009,998,1633,serialize,10,167043,575,20260812,23,1,4601224,1792272,8435808,21600,true,42395505,12400993,121234831,76634898,19171675,44599933,2204428
-1473038263736110079,1524315.8,168354.7373737374,216553284,2142,-959204706,11286976,9479560,7436096,18147328,5210232,$SDKMAN_DIR/candidates/java/25.0.4-librca,BellSoft,OpenJDK 64-Bit Server VM,25.0.4+9-LTS,jackson,400,80,601,27,2026,1999,998,1599,deserialize,100,167087,576,20260812,24,1,6925640,1792272,10593280,1608024,true,62170164,11467968,152431580,73594297,17474978,78837283,16667119
2173,1.3396873E7,,77926238,2142,-959204706,8362480,8362480,7247920,7617552,5186184,$SDKMAN_DIR/candidates/java/25.0.4-librca,BellSoft,OpenJDK 64-Bit Server VM,25.0.4+9-LTS,kotlinx,69,80,16,,1083,1083,998,1014,serialize,1,167111,577,20260812,24,1,1037744,1791024,280792,,true,10336948,12648231,13396873,3059925,19263150,10336948,0
81,4.1163775E7,,106232290,2142,-959204706,10242624,10242624,7328528,8415560,5246320,$SDKMAN_DIR/candidates/java/25.0.4-librca,BellSoft,OpenJDK 64-Bit Server VM,25.0.4+9-LTS,gson,197,80,197,,1392,1392,998,1195,deserialize,1,167133,578,20260812,24,1,1831080,1792272,1273568,,true,25168346,12465835,41163775,15995429,17653215,25168346,0
81,1.26118489E8,,883351350,2142,-959204706,12820224,12820224,7736064,16353192,5757488,$SDKMAN_DIR/candidates/java/25.0.4-librca,BellSoft,OpenJDK 64-Bit Server VM,25.0.4+9-LTS,fory,539,80,635,,2173,2173,998,1633,deserialize,1,167154,579,20260812,24,1,5165288,1792272,8435808,,true,47370916,11874155,126118489,78747573,19173970,47370916,0
2173,1.2085415E8,,184285758,2142,-959204706,6130088,6130088,7436096,18147352,5568176,$SDKMAN_DIR/candidates/java/25.0.4-librca,BellSoft,OpenJDK 64-Bit Server VM,25.0.4+9-LTS,jackson,282,80,601,,1881,1881,998,1599,serialize,1,167198,580,20260812,24,1,3464160,1792272,10590912,,true,48226442,11138746,120854150,72627708,17624401,48226442,0
59341087977409921,1.11265517E7,185573.11111111112,177386582,2142,-959204706,6311376,5953528,7436096,18147352,5210232,$SDKMAN_DIR/candidates/java/25.0.4-librca,BellSoft,OpenJDK 64-Bit Server VM,25.0.4+9-LTS,jackson,282,80,601,2,1883,1881,998,1599,serialize,10,167221,581,20260812,24,1,3464160,1792272,10592256,38536,true,39843038,12596273,111265517,69752321,19207443,41513196,1670158
2185675431948801,1.42603892E7,347146.44444444444,205343312,2142,-959204706,9836896,9479048,7436096,18147352,5210232,$SDKMAN_DIR/candidates/java/25.0.4-librca,BellSoft,OpenJDK 64-Bit Server VM,25.0.4+9-LTS,jackson,400,80,601,0,1999,1999,998,1599,deserialize,10,167244,582,20260812,24,1,6925640,1792272,10592192,66312,true,63863964,11860841,142603892,75615610,18020800,66988282,3124318
-7711186731443673343,177260.53,59047.93939393939,79497321,2142,-959204706,9080312,8362480,7247920,7617552,5186184,$SDKMAN_DIR/candidates/java/25.0.4-librca,BellSoft,OpenJDK 64-Bit Server VM,25.0.4+9-LTS,kotlinx,69,80,16,0,1083,1083,998,1014,serialize,100,167267,583,20260812,24,1,1037744,1791024,280792,303736,true,9167466,11729383,17726053,2712841,17416276,15013212,5845746
2185675431948801,1.22806855E7,570703.6666666666,850431395,2142,-959204706,14416896,12240736,7736064,16353192,5757488,$SDKMAN_DIR/candidates/java/25.0.4-librca,BellSoft,OpenJDK 64-Bit Server VM,25.0.4+9-LTS,fory,527,80,635,98,2258,2160,998,1633,deserialize,10,167290,584,20260812,24,1,5165312,1792272,8435808,38880,true,48280585,11240497,122806855,69389937,18342469,53416918,5136333
-1473038263736110079,214793.72,88787.0101010101,86756779,2142,-959204706,10148624,8359384,7247920,7617552,5186184,$SDKMAN_DIR/candidates/java/25.0.4-librca,BellSoft,OpenJDK 64-Bit Server VM,25.0.4+9-LTS,kotlinx,63,80,16,0,1077,1077,998,1014,deserialize,100,167336,585,20260812,24,1,863600,1791024,280792,851960,true,9700214,12504095,21479372,2989244,18454311,18490128,8789914
81,1.3277679E7,,77098303,2142,-959204706,8359384,8359384,7247920,7617552,5186184,$SDKMAN_DIR/candidates/java/25.0.4-librca,BellSoft,OpenJDK 64-Bit Server VM,25.0.4+9-LTS,kotlinx,63,80,16,,1077,1077,998,1014,deserialize,1,167362,586,20260812,24,1,863600,1791024,280792,,true,10265633,12856584,13277679,3012046,18517789,10265633,0
81,1.46416783E8,,211530621,2142,-959204706,9658896,9658896,7436096,18150240,5568176,$SDKMAN_DIR/candidates/java/25.0.4-librca,BellSoft,OpenJDK 64-Bit Server VM,25.0.4+9-LTS,jackson,400,80,601,,1999,1999,998,1599,deserialize,1,167384,587,20260812,24,1,6925640,1792272,10592960,,true,67906900,11752165,146416783,78509883,18847112,67906900,0
2185675431948801,3990961.4,229677.66666666666,101512873,2142,-959204706,11674024,10242624,7328528,8415560,5246320,$SDKMAN_DIR/candidates/java/25.0.4-librca,BellSoft,OpenJDK 64-Bit Server VM,25.0.4+9-LTS,gson,197,80,197,0,1392,1392,998,1195,deserialize,10,167406,588,20260812,24,1,1831080,1792272,1273568,96696,true,23626070,11391542,39909614,14216445,17802616,25693169,2067099
-7711186731443673343,1219009.1,106424.39393939394,184322216,2142,-959204706,7377736,6131784,7436096,18147352,5210232,$SDKMAN_DIR/candidates/java/25.0.4-librca,BellSoft,OpenJDK 64-Bit Server VM,25.0.4+9-LTS,jackson,282,80,601,27,1908,1881,998,1599,serialize,100,167428,589,20260812,24,1,3464160,1792272,10593088,1126056,true,44232259,10992359,121900910,67132636,18475981,54768274,10536015
-7711186731443673343,484489.5,107993.71717171717,113213059,2142,-959204706,12802584,10290840,7328528,8415560,5246320,$SDKMAN_DIR/candidates/java/25.0.4-librca,BellSoft,OpenJDK 64-Bit Server VM,25.0.4+9-LTS,gson,198,80,197,25,1418,1393,998,1195,serialize,100,167451,590,20260812,24,1,1854848,1792272,1273568,1620208,true,23547660,12660724,48448950,14209912,18971197,34239038,10691378
59341087977409921,1.26495718E7,263669.6666666667,883727854,2142,-959204706,11634832,10326944,7736064,16353192,6115432,$SDKMAN_DIR/candidates/java/25.0.4-librca,BellSoft,OpenJDK 64-Bit Server VM,25.0.4+9-LTS,fory,410,80,635,65,2108,2043,998,1633,serialize,10,167475,591,20260812,24,1,4601248,1792272,8435808,21600,true,45333721,12803723,126495718,78788970,18216871,47706748,2373027
-7711186731443673343,1478338.92,165403.70707070708,858314811,2142,-959204706,19306760,9696784,7736064,16353192,5757488,$SDKMAN_DIR/candidates/java/25.0.4-librca,BellSoft,OpenJDK 64-Bit Server VM,25.0.4+9-LTS,fory,388,80,635,319,2340,2021,998,1633,serialize,100,167520,592,20260812,24,1,4601224,1792272,8435808,1060176,true,50231384,12957834,147833892,81227541,20501370,66606351,16374967
2185675431948801,1563098.2,229307.0,81198486,2142,-959204706,9075080,8359384,7247920,7617552,5186184,$SDKMAN_DIR/candidates/java/25.0.4-librca,BellSoft,OpenJDK 64-Bit Server VM,25.0.4+9-LTS,kotlinx,63,80,16,0,1077,1077,998,1014,deserialize,10,167582,593,20260812,24,1,863600,1791024,280792,77856,true,10459391,12866892,15630982,3107828,20096194,12523154,2063763
2173,1.40822971E8,,901374366,2142,-959204706,10057608,10057608,7736064,16353192,5757488,$SDKMAN_DIR/candidates/java/25.0.4-librca,BellSoft,OpenJDK 64-Bit Server VM,25.0.4+9-LTS,fory,414,80,635,,2047,2047,998,1633,serialize,1,167604,594,20260812,24,1,4601224,1792272,8435808,,true,53314172,14269304,140822971,87508799,20387275,53314172,0
2173,4.0804264E7,,106235934,2142,-959204706,10290840,10290840,7328528,8415560,5246320,$SDKMAN_DIR/candidates/java/25.0.4-librca,BellSoft,OpenJDK 64-Bit Server VM,25.0.4+9-LTS,gson,198,80,197,,1393,1393,998,1195,serialize,1,167650,595,20260812,24,1,1854848,1792272,1273568,,true,25193352,12347049,40804264,15610912,19519935,25193352,0
59341087977409921,1332392.7,161424.11111111112,77490143,2142,-959204706,8722464,8362480,7247920,7617552,5186184,$SDKMAN_DIR/candidates/java/25.0.4-librca,BellSoft,OpenJDK 64-Bit Server VM,25.0.4+9-LTS,kotlinx,69,80,16,0,1083,1083,998,1014,serialize,10,167672,596,20260812,24,1,1037744,1791024,280792,28456,true,9144143,11430466,13323927,2726967,20618062,10596960,1452817
-1473038263736110079,572844.18,159408.71717171717,124574603,2142,-959204706,13138440,10242624,7328528,8415560,5246320,$SDKMAN_DIR/candidates/java/25.0.4-librca,BellSoft,OpenJDK 64-Bit Server VM,25.0.4+9-LTS,gson,197,80,197,27,1419,1392,998,1195,deserialize,100,167694,597,20260812,24,1,1831080,1792272,1273568,1934040,true,25604840,12584600,57284418,15898115,18777048,41386303,15781463
59341087977409921,4510946.8,253206.55555555556,112325538,2142,-959204706,11366520,10290840,7328528,8415560,5246320,$SDKMAN_DIR/candidates/java/25.0.4-librca,BellSoft,OpenJDK 64-Bit Server VM,25.0.4+9-LTS,gson,198,80,197,0,1393,1393,998,1195,serialize,10,167717,598,20260812,24,1,1854848,1792272,1273568,75888,true,27371283,12399929,45109468,15459326,19563848,29650142,2278859
-1473038263736110079,1509872.62,217809.77777777778,867228767,2142,-959204706,6611256,12680208,7736064,16353192,6115432,$SDKMAN_DIR/candidates/java/25.0.4-librca,BellSoft,OpenJDK 64-Bit Server VM,25.0.4+9-LTS,fory,522,80,635,216,2371,2155,998,1633,deserialize,100,167738,599,20260812,24,1,5165576,1792272,8435808,1289296,true,49735545,14784550,150987262,79688549,18755619,71298713,21563168
2185675431948801,1427978.5,203367.88888888888,76848529,2142,-959204706,8717232,8359384,7247920,7617552,5186184,$SDKMAN_DIR/candidates/java/25.0.4-librca,BellSoft,OpenJDK 64-Bit Server VM,25.0.4+9-LTS,kotlinx,63,80,16,0,1077,1077,998,1014,deserialize,10,167783,600,20260812,25,1,863600,1791024,280792,77856,true,9128042,12783686,14279785,3321432,18395978,10958353,1830311
-7711186731443673343,572425.23,122112.55555555556,130326319,2142,-959204706,12802584,10290840,7328528,8415560,5246320,$SDKMAN_DIR/candidates/java/25.0.4-librca,BellSoft,OpenJDK 64-Bit Server VM,25.0.4+9-LTS,gson,198,80,197,25,1418,1393,998,1195,serialize,100,167805,601,20260812,25,1,1854848,1792272,1273568,1620040,true,25878029,14656577,57242523,19275351,21693125,37967172,12089143
-1473038263736110079,569445.89,164868.64646464647,121078050,2142,-959204706,13496288,10242624,7328528,8415560,5604264,$SDKMAN_DIR/candidates/java/25.0.4-librca,BellSoft,OpenJDK 64-Bit Server VM,25.0.4+9-LTS,gson,197,80,197,27,1419,1392,998,1195,deserialize,100,167829,602,20260812,25,1,1831080,1792272,1273568,1934040,true,25023282,12905787,56944589,15599311,17793238,41345278,16321996
59341087977409921,1.14129647E7,237809.55555555556,179497717,2142,-959204706,6309392,5951544,7436096,18147352,5568176,$SDKMAN_DIR/candidates/java/25.0.4-librca,BellSoft,OpenJDK 64-Bit Server VM,25.0.4+9-LTS,jackson,282,80,601,2,1883,1881,998,1599,serialize,10,167853,603,20260812,25,1,3464160,1792272,10591552,38536,true,42421423,11548279,114129647,69567938,19228843,44561709,2140286
2185675431948801,1.29035388E7,361593.8888888889,821382831,2142,-959204706,14331160,12898904,7736064,16353192,6115432,$SDKMAN_DIR/candidates/java/25.0.4-librca,BellSoft,OpenJDK 64-Bit Server VM,25.0.4+9-LTS,fory,535,80,635,59,2227,2168,998,1633,deserialize,10,167876,604,20260812,25,1,5165288,1792272,8435808,38856,true,50142635,12127645,129035388,75638408,18761319,53396980,3254345
81,5.2788908E7,,124719035,2142,-959204706,10242624,10242624,7328528,8415560,5246320,$SDKMAN_DIR/candidates/java/25.0.4-librca,BellSoft,OpenJDK 64-Bit Server VM,25.0.4+9-LTS,gson,197,80,197,,1392,1392,998,1195,deserialize,1,167921,605,20260812,25,1,1831080,1792272,1273568,,true,31310521,14129612,52788908,21478387,21747756,31310521,0
81,1.2959807E7,,75186024,2142,-959204706,8359384,8359384,7247920,7617552,5544128,$SDKMAN_DIR/candidates/java/25.0.4-librca,BellSoft,OpenJDK 64-Bit Server VM,25.0.4+9-LTS,kotlinx,63,80,16,,1077,1077,998,1014,deserialize,1,167942,606,20260812,25,1,863600,1791024,280792,,true,9769154,12046592,12959807,3190653,18783751,9769154,0
2173,1.38776039E8,,873782508,2142,-959204706,10553376,10553376,7736064,16353192,5757488,$SDKMAN_DIR/candidates/java/25.0.4-librca,BellSoft,OpenJDK 64-Bit Server VM,25.0.4+9-LTS,fory,418,80,635,,2051,2051,998,1633,serialize,1,167964,607,20260812,25,1,4601224,1792272,8435808,,true,49655053,14707153,138776039,89120986,23219901,49655053,0
2173,1.5387579E7,,80030634,2142,-959204706,8362480,8362480,7247920,7617552,5186184,$SDKMAN_DIR/candidates/java/25.0.4-librca,BellSoft,OpenJDK 64-Bit Server VM,25.0.4+9-LTS,kotlinx,69,80,16,,1083,1083,998,1014,serialize,1,168010,608,20260812,25,1,1037744,1791024,280792,,true,11903962,12421610,15387579,3483617,19266354,11903962,0
2173,3.7972789E7,,101735090,2142,-959204706,10290840,10290840,7328528,8415560,5604264,$SDKMAN_DIR/candidates/java/25.0.4-librca,BellSoft,OpenJDK 64-Bit Server VM,25.0.4+9-LTS,gson,198,80,197,,1393,1393,998,1195,serialize,1,168032,609,20260812,25,1,1854848,1792272,1273568,,true,23897913,11244685,37972789,14074876,18222420,23897913,0
-1473038263736110079,218767.89,89368.69696969698,86527972,2142,-959204706,10148648,8359384,7247920,7617552,5544128,$SDKMAN_DIR/candidates/java/25.0.4-librca,BellSoft,OpenJDK 64-Bit Server VM,25.0.4+9-LTS,kotlinx,63,80,16,0,1077,1077,998,1014,deserialize,100,168053,610,20260812,25,1,863600,1791024,280792,851888,true,9984010,12048825,21876789,3045278,18934056,18831511,8847501
59341087977409921,1.17602918E7,312570.0,835290280,2142,-959204706,11313704,9961912,7736064,16353192,6115432,$SDKMAN_DIR/candidates/java/25.0.4-librca,BellSoft,OpenJDK 64-Bit Server VM,25.0.4+9-LTS,fory,389,80,635,74,2096,2022,998,1633,serialize,10,168078,611,20260812,25,1,4601360,1792272,8435808,21600,true,41456087,11701109,117602918,73333701,19286161,44269217,2813130
-7711186731443673343,219421.04,69502.34343434343,93716514,2142,-959204706,9080312,8362480,7247920,7617552,5186184,$SDKMAN_DIR/candidates/java/25.0.4-librca,BellSoft,OpenJDK 64-Bit Server VM,25.0.4+9-LTS,kotlinx,69,80,16,0,1083,1083,998,1014,serialize,100,168123,612,20260812,25,1,1037744,1791024,280792,303736,true,11648698,13748249,21942104,3412674,21775940,18529430,6880732
2173,1.11825162E8,,181950793,2142,-959204706,5952240,5952240,7436096,18147368,5210232,$SDKMAN_DIR/candidates/java/25.0.4-librca,BellSoft,OpenJDK 64-Bit Server VM,25.0.4+9-LTS,jackson,282,80,601,,1881,1881,998,1599,serialize,1,168147,613,20260812,25,1,3464160,1792272,10592000,,true,41645015,12641506,111825162,70180147,21253832,41645015,0
2185675431948801,1.49360121E7,392099.3333333333,220318048,2142,-959204706,9804936,9447088,7436096,18031440,5210232,$SDKMAN_DIR/candidates/java/25.0.4-librca,BellSoft,OpenJDK 64-Bit Server VM,25.0.4+9-LTS,jackson,400,80,601,0,1999,1999,998,1599,deserialize,10,168170,614,20260812,25,1,6925640,1792272,10591040,66312,true,68061880,13694547,149360121,77769347,21892791,71590774,3528894
2185675431948801,4367127.4,245775.88888888888,114043264,2142,-959204706,11316176,10242624,7328528,8415560,5246320,$SDKMAN_DIR/candidates/java/25.0.4-librca,BellSoft,OpenJDK 64-Bit Server VM,25.0.4+9-LTS,gson,197,80,197,0,1392,1392,998,1195,deserialize,10,168193,615,20260812,25,1,1831080,1792272,1273568,96696,true,24226744,14067503,43671274,17232547,21259093,26438727,2211983
81,1.18736389E8,,843092027,2142,-959204706,12782320,12782320,7736064,16353192,6115432,$SDKMAN_DIR/candidates/java/25.0.4-librca,BellSoft,OpenJDK 64-Bit Server VM,25.0.4+9-LTS,fory,505,80,635,,2138,2138,998,1633,deserialize,1,168214,616,20260812,25,1,5165288,1792272,8435808,,true,47986306,11514385,118736389,70750083,17818016,47986306,0
-7711186731443673343,1312737.69,113352.23232323233,202638522,2142,-959204706,7385696,5928184,7436096,18150240,5210232,$SDKMAN_DIR/candidates/java/25.0.4-librca,BellSoft,OpenJDK 64-Bit Server VM,25.0.4+9-LTS,jackson,282,80,601,27,1908,1881,998,1599,serialize,100,168259,617,20260812,25,1,3464160,1792272,10592000,1126056,true,43931228,13907059,131273769,76120670,21961732,55153099,11221871
-7711186731443673343,1456566.96,170808.45454545456,888437935,2142,-959204706,19880792,9460056,7736064,16353192,5757488,$SDKMAN_DIR/candidates/java/25.0.4-librca,BellSoft,OpenJDK 64-Bit Server VM,25.0.4+9-LTS,fory,385,80,635,324,2342,2018,998,1633,serialize,100,168282,618,20260812,25,1,4601224,1792272,8435808,1060240,true,42596594,15076771,145656696,86150065,23487857,59506631,16910037
81,1.36341841E8,,199820364,2142,-959204706,9478712,9478712,7436096,18147344,5568176,$SDKMAN_DIR/candidates/java/25.0.4-librca,BellSoft,OpenJDK 64-Bit Server VM,25.0.4+9-LTS,jackson,400,80,601,,1999,1999,998,1599,deserialize,1,168327,619,20260812,25,1,6925640,1792272,10591968,,true,64930878,11608793,136341841,71410963,17744486,64930878,0
59341087977409921,1536008.7,170075.0,81146653,2142,-959204706,8722464,8362480,7247920,7617552,5186184,$SDKMAN_DIR/candidates/java/25.0.4-librca,BellSoft,OpenJDK 64-Bit Server VM,25.0.4+9-LTS,kotlinx,69,80,16,0,1083,1083,998,1014,serialize,10,168349,620,20260812,25,1,1037744,1791024,280792,28456,true,10504564,12754129,15360087,3324848,19258829,12035239,1530675
-1473038263736110079,1444311.68,204179.34343434343,826917538,2142,-959204706,6166528,12462888,7736064,16353192,5757488,$SDKMAN_DIR/candidates/java/25.0.4-librca,BellSoft,OpenJDK 64-Bit Server VM,25.0.4+9-LTS,fory,534,80,635,211,2378,2167,998,1633,deserialize,100,168371,621,20260812,25,1,5165288,1792272,8435808,1289192,true,47685116,12246228,144431168,76532297,19046328,67898871,20213755
-1473038263736110079,1564079.86,171770.08080808082,230168893,2142,-959204706,11644080,9478912,7436096,18147264,5210232,$SDKMAN_DIR/candidates/java/25.0.4-librca,BellSoft,OpenJDK 64-Bit Server VM,25.0.4+9-LTS,jackson,400,80,601,27,2026,1999,998,1599,deserialize,100,168416,622,20260812,25,1,6925640,1792272,10590432,1608024,true,61503106,14185415,156407986,77899642,22171948,78508344,17005238
59341087977409921,3875933.8,207224.11111111112,110082944,2142,-959204706,11366520,10290840,7328528,8415560,5246320,$SDKMAN_DIR/candidates/java/25.0.4-librca,BellSoft,OpenJDK 64-Bit Server VM,25.0.4+9-LTS,gson,198,80,197,0,1393,1393,998,1195,serialize,10,168439,623,20260812,25,1,1854848,1792272,1273568,75888,true,22780942,14151341,38759338,14113379,21928638,24645959,1865017
2173,4.0268289E7,,105205861,2142,-959204706,10290840,10290840,7328528,8415560,5246320,$SDKMAN_DIR/candidates/java/25.0.4-librca,BellSoft,OpenJDK 64-Bit Server VM,25.0.4+9-LTS,gson,198,80,197,,1393,1393,998,1195,serialize,1,168460,624,20260812,26,1,1854848,1792272,1273568,,true,24384873,12792020,40268289,15883416,19062729,24384873,0
59341087977409921,1.22801603E7,275593.44444444444,835076621,2142,-959204706,11190440,10400968,7736064,16353192,5757488,$SDKMAN_DIR/candidates/java/25.0.4-librca,BellSoft,OpenJDK 64-Bit Server VM,25.0.4+9-LTS,fory,399,80,635,64,2096,2032,998,1633,serialize,10,168481,625,20260812,26,1,4601224,1792272,8435808,21600,true,42664110,12197024,122801603,77657152,19209948,45144451,2480341
81,1.1406059E7,,69536787,2142,-959204706,8359384,8359384,7247920,7617552,5186184,$SDKMAN_DIR/candidates/java/25.0.4-librca,BellSoft,OpenJDK 64-Bit Server VM,25.0.4+9-LTS,kotlinx,63,80,16,,1077,1077,998,1014,deserialize,1,168528,626,20260812,26,1,863600,1791024,280792,,true,8753663,11131731,11406059,2652396,17201397,8753663,0
81,3.7704431E7,,102098674,2142,-959204706,10242624,10242624,7328528,8415560,5246320,$SDKMAN_DIR/candidates/java/25.0.4-librca,BellSoft,OpenJDK 64-Bit Server VM,25.0.4+9-LTS,gson,197,80,197,,1392,1392,998,1195,deserialize,1,168550,627,20260812,26,1,1831080,1792272,1273568,,true,23074374,12011033,37704431,14630057,18256474,23074374,0
-1473038263736110079,196068.19,81760.37373737374,78793562,2142,-959204706,9790776,8359384,7247920,7617552,5186184,$SDKMAN_DIR/candidates/java/25.0.4-librca,BellSoft,OpenJDK 64-Bit Server VM,25.0.4+9-LTS,kotlinx,63,80,16,0,1077,1077,998,1014,deserialize,100,168571,628,20260812,26,1,863600,1791024,280792,852632,true,8818938,10906063,19606819,2693604,16817914,16913215,8094277
59341087977409921,1314522.8,166814.33333333334,71962546,2142,-959204706,8722464,8362480,7247920,7617552,5544128,$SDKMAN_DIR/candidates/java/25.0.4-librca,BellSoft,OpenJDK 64-Bit Server VM,25.0.4+9-LTS,kotlinx,69,80,16,0,1083,1083,998,1014,serialize,10,168596,629,20260812,26,1,1037744,1791024,280792,28456,true,8994529,11062259,13145228,2649370,17188204,10495858,1501329
-7711186731443673343,178486.42,57738.46464646464,78549981,2142,-959204706,9080312,8362480,7247920,7617552,5186184,$SDKMAN_DIR/candidates/java/25.0.4-librca,BellSoft,OpenJDK 64-Bit Server VM,25.0.4+9-LTS,kotlinx,69,80,16,0,1083,1083,998,1014,serialize,100,168618,630,20260812,26,1,1037744,1791024,280792,303736,true,9315647,11582824,17848642,2816887,17520712,15031755,5716108
2173,1.16334E7,,69811566,2142,-959204706,8362480,8362480,7247920,7617552,5186184,$SDKMAN_DIR/candidates/java/25.0.4-librca,BellSoft,OpenJDK 64-Bit Server VM,25.0.4+9-LTS,kotlinx,69,80,16,,1083,1083,998,1014,serialize,1,168641,631,20260812,26,1,1037744,1791024,280792,,true,8873701,11102705,11633400,2759699,16985110,8873701,0
81,1.18119569E8,,908656368,2142,-959204706,13106528,13106528,7736064,16353192,5757488,$SDKMAN_DIR/candidates/java/25.0.4-librca,BellSoft,OpenJDK 64-Bit Server VM,25.0.4+9-LTS,fory,539,80,635,,2173,2172,998,1633,deserialize,1,168663,632,20260812,26,1,5165288,1792272,8435808,,true,46294485,11542848,118119569,71825084,17773400,46294485,0
-7711186731443673343,493401.54,121662.29292929293,113083895,2142,-959204706,13160432,10290840,7328528,8415560,5604264,$SDKMAN_DIR/candidates/java/25.0.4-librca,BellSoft,OpenJDK 64-Bit Server VM,25.0.4+9-LTS,gson,198,80,197,25,1418,1393,998,1195,serialize,100,168707,633,20260812,26,1,1854848,1792272,1273568,1620040,true,23057162,12702110,49340154,14238425,17909418,35101729,12044567
-1473038263736110079,591397.76,147742.61616161617,130118490,2142,-959204706,13496288,10242624,7328528,8415560,5246320,$SDKMAN_DIR/candidates/java/25.0.4-librca,BellSoft,OpenJDK 64-Bit Server VM,25.0.4+9-LTS,gson,197,80,197,27,1419,1392,998,1195,deserialize,100,168731,634,20260812,26,1,1831080,1792272,1273568,1934040,true,26197091,14049187,59139776,18316166,21620987,40823610,14626519
2185675431948801,1459296.5,225352.66666666666,83156471,2142,-959204706,9075080,8359384,7247920,7617552,5186184,$SDKMAN_DIR/candidates/java/25.0.4-librca,BellSoft,OpenJDK 64-Bit Server VM,25.0.4+9-LTS,kotlinx,63,80,16,0,1077,1077,998,1014,deserialize,10,168755,635,20260812,26,1,863600,1791024,280792,77856,true,9589744,12592873,14592965,2975047,22305512,11617918,2028174
81,1.34500095E8,,198637311,2142,-959204706,9657296,9657296,7436096,18147352,5568176,$SDKMAN_DIR/candidates/java/25.0.4-librca,BellSoft,OpenJDK 64-Bit Server VM,25.0.4+9-LTS,jackson,400,80,601,,1999,1999,998,1599,deserialize,1,168776,636,20260812,26,1,6925640,1792272,10590784,,true,61484631,12180284,134500095,73015464,18684553,61484631,0
2185675431948801,1.25342798E7,316601.0,899511086,2142,-959204706,14074920,12566424,7736064,16353192,6115432,$SDKMAN_DIR/candidates/java/25.0.4-librca,BellSoft,OpenJDK 64-Bit Server VM,25.0.4+9-LTS,fory,524,80,635,64,2221,2157,998,1633,deserialize,10,168799,637,20260812,26,1,5165288,1792272,8435808,38824,true,47645368,13184111,125342798,74848021,19158550,50494777,2849409
-1473038263736110079,1573736.66,181776.9797979798,223480167,2142,-959204706,11642528,9491856,7436096,18212776,5210232,$SDKMAN_DIR/candidates/java/25.0.4-librca,BellSoft,OpenJDK 64-Bit Server VM,25.0.4+9-LTS,jackson,400,80,601,27,2026,1999,998,1599,deserialize,100,168845,638,20260812,26,1,6925640,1792272,10591776,1608024,true,65073765,12426567,157373666,74303980,19148312,83069686,17995921
2173,1.35720622E8,,899276055,2142,-959204706,10408416,10408416,7736064,16353192,5757488,$SDKMAN_DIR/candidates/java/25.0.4-librca,BellSoft,OpenJDK 64-Bit Server VM,25.0.4+9-LTS,fory,410,80,635,,2043,2043,998,1633,serialize,1,168868,639,20260812,26,1,4601224,1792272,8435808,,true,46007612,14019622,135720622,89713010,22384360,46007612,0
-1473038263736110079,1470319.39,217168.44444444444,873360354,2142,-959204706,7384904,13258968,7736064,16353192,6115432,$SDKMAN_DIR/candidates/java/25.0.4-librca,BellSoft,OpenJDK 64-Bit Server VM,25.0.4+9-LTS,fory,557,80,635,221,2411,2190,998,1633,deserialize,100,168912,640,20260812,26,1,5165424,1792272,8435808,1289096,true,50757423,12561485,147031939,74774840,17962497,72257099,21499676
2185675431948801,1.41421399E7,324668.3333333333,206947410,2142,-959204706,9837736,9479888,7436096,18150256,5568176,$SDKMAN_DIR/candidates/java/25.0.4-librca,BellSoft,OpenJDK 64-Bit Server VM,25.0.4+9-LTS,jackson,400,80,601,0,1999,1999,998,1599,deserialize,10,168956,641,20260812,26,1,6925640,1792272,10592704,66312,true,63531108,12552377,141421399,74968276,18763222,66453123,2922015
-7711186731443673343,1340584.57,155418.94949494948,851295103,2142,-959204706,19286528,10311992,7736064,16353192,6115432,$SDKMAN_DIR/candidates/java/25.0.4-librca,BellSoft,OpenJDK 64-Bit Server VM,25.0.4+9-LTS,fory,413,80,635,284,2330,2046,998,1633,serialize,100,168979,642,20260812,26,1,4603576,1792272,8435808,1060304,true,46377000,11208176,134058457,72294981,19824478,61763476,15386476
2173,1.27114214E8,,192177961,2142,-959204706,5951632,5951632,7436096,18147368,5568176,$SDKMAN_DIR/candidates/java/25.0.4-librca,BellSoft,OpenJDK 64-Bit Server VM,25.0.4+9-LTS,jackson,282,80,601,,1881,1881,998,1599,serialize,1,169025,643,20260812,26,1,3464160,1792272,10591040,,true,48683791,12040850,127114214,78430423,18867217,48683791,0
-7711186731443673343,1268334.03,113222.09090909091,194494141,2142,-959204706,7376784,5952032,7436096,18147328,5210232,$SDKMAN_DIR/candidates/java/25.0.4-librca,BellSoft,OpenJDK 64-Bit Server VM,25.0.4+9-LTS,jackson,282,80,601,27,1908,1881,998,1599,serialize,100,169048,644,20260812,26,1,3464160,1792272,10590400,1126056,true,43660732,11702841,126833403,71963684,18494983,54869719,11208987
59341087977409921,4029835.5,181966.33333333334,108303744,2142,-959204706,11008672,10290840,7328528,8415560,5246320,$SDKMAN_DIR/candidates/java/25.0.4-librca,BellSoft,OpenJDK 64-Bit Server VM,25.0.4+9-LTS,gson,198,80,197,0,1393,1393,998,1195,serialize,10,169070,645,20260812,26,1,1854848,1792272,1273568,75888,true,22662535,12654299,40298355,15998123,20066516,24300232,1637697
59341087977409921,1.18117291E7,163063.88888888888,183546047,2142,-959204706,6132328,6132328,7436096,18147344,5210232,$SDKMAN_DIR/candidates/java/25.0.4-librca,BellSoft,OpenJDK 64-Bit Server VM,25.0.4+9-LTS,jackson,282,80,601,2,1883,1881,998,1599,serialize,10,169091,646,20260812,26,1,3464160,1792272,10592032,38536,true,43372368,12004781,118117291,73277348,18956988,44839943,1467575
2185675431948801,4219774.6,239750.11111111112,104531149,2142,-959204706,11316176,10242624,7328528,8415560,5246320,$SDKMAN_DIR/candidates/java/25.0.4-librca,BellSoft,OpenJDK 64-Bit Server VM,25.0.4+9-LTS,gson,197,80,197,0,1392,1392,998,1195,deserialize,10,169114,647,20260812,26,1,1831080,1792272,1273568,96696,true,24403647,12447409,42197746,15636348,17177873,26561398,2157751
2173,1.0799531E8,,174707273,2142,-959204706,6131360,6131360,7436096,18147360,5210232,$SDKMAN_DIR/candidates/java/25.0.4-librca,BellSoft,OpenJDK 64-Bit Server VM,25.0.4+9-LTS,jackson,282,80,601,,1881,1881,998,1599,serialize,1,169135,648,20260812,27,1,3464160,1792272,10592800,,true,40737976,12509625,107995310,67257334,18498581,40737976,0
-7711186731443673343,477645.94,110547.0202020202,111913960,2142,-959204706,12802584,10290840,7328528,8415560,5246320,$SDKMAN_DIR/candidates/java/25.0.4-librca,BellSoft,OpenJDK 64-Bit Server VM,25.0.4+9-LTS,gson,198,80,197,25,1418,1393,998,1195,serialize,100,169157,649,20260812,27,1,1854848,1792272,1273568,1620208,true,22500720,11245094,47764594,14319719,19173939,33444875,10944155
2185675431948801,1.30955498E7,460839.22222222225,880869658,2142,-959204706,16975208,13915712,7736064,16353192,6115432,$SDKMAN_DIR/candidates/java/25.0.4-librca,BellSoft,OpenJDK 64-Bit Server VM,25.0.4+9-LTS,fory,584,80,635,57,2274,2217,998,1633,deserialize,10,169180,650,20260812,27,1,5165568,1792272,8435808,38944,true,49590085,12155476,130955498,77217860,19148991,53737638,4147553
-7711186731443673343,198625.61,64173.9898989899,81984152,2142,-959204706,9080312,8362480,7247920,7617552,5544128,$SDKMAN_DIR/candidates/java/25.0.4-librca,BellSoft,OpenJDK 64-Bit Server VM,25.0.4+9-LTS,kotlinx,69,80,16,0,1083,1083,998,1014,serialize,100,169225,651,20260812,27,1,1037744,1791024,280792,303736,true,10543176,11674166,19862561,2966160,17760916,16896401,6353225
81,1.38479225E8,,204289602,2142,-959204706,9657624,9657624,7436096,18147360,5568176,$SDKMAN_DIR/candidates/java/25.0.4-librca,BellSoft,OpenJDK 64-Bit Server VM,25.0.4+9-LTS,jackson,400,80,601,,1999,1999,998,1599,deserialize,1,169249,652,20260812,27,1,6925640,1792272,10592000,,true,62930262,12261406,138479225,75548963,19251754,62930262,0
81,1.5021275E7,,96186509,2142,-959204706,8359384,8359384,7247920,7617552,5186184,$SDKMAN_DIR/candidates/java/25.0.4-librca,BellSoft,OpenJDK 64-Bit Server VM,25.0.4+9-LTS,kotlinx,63,80,16,,1077,1077,998,1014,deserialize,1,169271,653,20260812,27,1,863600,1791024,280792,,true,11477886,14359604,15021275,3543389,23500380,11477886,0
59341087977409921,4136638.5,202880.44444444444,110133604,2142,-959204706,11366520,10290840,7328528,8415560,5246320,$SDKMAN_DIR/candidates/java/25.0.4-librca,BellSoft,OpenJDK 64-Bit Server VM,25.0.4+9-LTS,gson,198,80,197,0,1393,1393,998,1195,serialize,10,169293,654,20260812,27,1,1854848,1792272,1273568,75888,true,24677575,13332833,41366385,14862886,19666809,26503499,1825924
2185675431948801,1374446.1,209905.88888888888,76505973,2142,-959204706,9075080,8359384,7247920,7617552,5544128,$SDKMAN_DIR/candidates/java/25.0.4-librca,BellSoft,OpenJDK 64-Bit Server VM,25.0.4+9-LTS,kotlinx,63,80,16,0,1077,1077,998,1014,deserialize,10,169314,655,20260812,27,1,863600,1791024,280792,77856,true,9077495,11563206,13744461,2777813,17938832,10966648,1889153
-7711186731443673343,1430089.31,197234.78787878787,894265803,2142,-959204706,20084200,9732368,7736064,16353192,5757488,$SDKMAN_DIR/candidates/java/25.0.4-librca,BellSoft,OpenJDK 64-Bit Server VM,25.0.4+9-LTS,fory,379,80,635,331,2343,2012,998,1633,serialize,100,169336,656,20260812,27,1,4601224,1792272,8435808,1060368,true,44439416,12701088,143008931,79043271,20035116,63965660,19526244
-1473038263736110079,692618.73,189394.50505050505,146944381,2142,-959204706,13138440,10242624,7328528,8415560,5604264,$SDKMAN_DIR/candidates/java/25.0.4-librca,BellSoft,OpenJDK 64-Bit Server VM,25.0.4+9-LTS,gson,197,80,197,27,1419,1392,998,1195,deserialize,100,169382,657,20260812,27,1,1831080,1792272,1273568,1934040,true,29724779,15668910,69261873,20787038,23560482,48474835,18750056
59341087977409921,1387478.9,176540.66666666666,74879056,2142,-959204706,8722464,8362480,7247920,7617552,5186184,$SDKMAN_DIR/candidates/java/25.0.4-librca,BellSoft,OpenJDK 64-Bit Server VM,25.0.4+9-LTS,kotlinx,69,80,16,0,1083,1083,998,1014,serialize,10,169405,658,20260812,27,1,1037744,1791024,280792,28456,true,9364829,11164933,13874789,2921094,18334621,10953695,1588866
81,3.8584111E7,,100622166,2142,-959204706,10242624,10242624,7328528,8415560,5246320,$SDKMAN_DIR/candidates/java/25.0.4-librca,BellSoft,OpenJDK 64-Bit Server VM,25.0.4+9-LTS,gson,197,80,197,,1392,1392,998,1195,deserialize,1,169426,659,20260812,27,1,1831080,1792272,1273568,,true,23772524,11446264,38584111,14811587,17737723,23772524,0
2185675431948801,3920500.5,237875.33333333334,103523191,2142,-959204706,11316176,10242624,7328528,8415560,5246320,$SDKMAN_DIR/candidates/java/25.0.4-librca,BellSoft,OpenJDK 64-Bit Server VM,25.0.4+9-LTS,gson,197,80,197,0,1392,1392,998,1195,deserialize,10,169447,660,20260812,27,1,1831080,1792272,1273568,96696,true,23157380,11803068,39205005,13906747,19311138,25298258,2140878
2185675431948801,1.37463954E7,294516.8888888889,203633981,2142,-959204706,9835784,9477936,7436096,18147368,5210232,$SDKMAN_DIR/candidates/java/25.0.4-librca,BellSoft,OpenJDK 64-Bit Server VM,25.0.4+9-LTS,jackson,400,80,601,0,1999,1999,998,1599,deserialize,10,169468,661,20260812,27,1,6925640,1792272,10590336,66312,true,60846310,11980816,137463954,73966992,19664816,63496962,2650652
2173,1.3682353E7,,78412006,2142,-959204706,8362480,8362480,7247920,7617552,5544128,$SDKMAN_DIR/candidates/java/25.0.4-librca,BellSoft,OpenJDK 64-Bit Server VM,25.0.4+9-LTS,kotlinx,69,80,16,,1083,1083,998,1014,serialize,1,169490,662,20260812,27,1,1037744,1791024,280792,,true,10757401,12356837,13682353,2924952,18494021,10757401,0
-1473038263736110079,1479944.88,222912.1313131313,877222998,2142,-959204706,7066616,12996736,7736064,16353192,5757488,$SDKMAN_DIR/candidates/java/25.0.4-librca,BellSoft,OpenJDK 64-Bit Server VM,25.0.4+9-LTS,fory,555,80,635,193,2381,2188,998,1633,deserialize,100,169512,663,20260812,27,1,5165288,1792272,8435808,1289224,true,49290108,12673515,147994488,76636079,20096463,71358409,22068301
-7711186731443673343,1266003.31,115638.77777777778,191868421,2142,-959204706,7377016,5952240,7436096,18147344,5210232,$SDKMAN_DIR/candidates/java/25.0.4-librca,BellSoft,OpenJDK 64-Bit Server VM,25.0.4+9-LTS,jackson,282,80,601,27,1908,1881,998,1599,serialize,100,169557,664,20260812,27,1,3464160,1792272,10590848,1126056,true,42378909,11868714,126600331,72773183,19361292,53827148,11448239
59341087977409921,1.29830547E7,199787.77777777778,198165137,2142,-959204706,5928656,5928656,7436096,18150248,5210232,$SDKMAN_DIR/candidates/java/25.0.4-librca,BellSoft,OpenJDK 64-Bit Server VM,25.0.4+9-LTS,jackson,282,80,601,2,1883,1881,998,1599,serialize,10,169580,665,20260812,27,1,3464160,1792272,10592320,38536,true,44570522,13692302,129830547,83461935,20794861,46368612,1798090
81,1.26719143E8,,863536350,2142,-959204706,14051464,14051464,7736064,16353192,6115432,$SDKMAN_DIR/candidates/java/25.0.4-librca,BellSoft,OpenJDK 64-Bit Server VM,25.0.4+9-LTS,fory,568,80,635,,2201,2201,998,1633,deserialize,1,169602,666,20260812,27,1,5165288,1792272,8435808,,true,50619410,11551935,126719143,76099733,17860465,50619410,0
-1473038263736110079,1563392.34,191393.32323232322,224808717,2142,-959204706,11643792,9657568,7436096,18147344,5210232,$SDKMAN_DIR/candidates/java/25.0.4-librca,BellSoft,OpenJDK 64-Bit Server VM,25.0.4+9-LTS,jackson,400,80,601,27,2026,1999,998,1599,deserialize,100,169647,667,20260812,27,1,6925640,1792272,10590176,1608024,true,62863413,12597502,156339234,74527882,19479986,81811352,18947939
2173,1.1073207E8,,883695875,2142,-959204706,10232336,10232336,7736064,16353192,6115432,$SDKMAN_DIR/candidates/java/25.0.4-librca,BellSoft,OpenJDK 64-Bit Server VM,25.0.4+9-LTS,fory,399,80,635,,2032,2032,998,1633,serialize,1,169671,668,20260812,27,1,4601224,1792272,8435808,,true,41106790,11294698,110732070,69625280,20170431,41106790,0
59341087977409921,1.21349497E7,288070.22222222225,852731539,2142,-959204706,10624736,9394416,7736064,16353192,6115432,$SDKMAN_DIR/candidates/java/25.0.4-librca,BellSoft,OpenJDK 64-Bit Server VM,25.0.4+9-LTS,fory,385,80,635,65,2083,2018,998,1633,serialize,10,169717,669,20260812,27,1,4601224,1792272,8435808,21600,true,44297195,12327260,121349497,74459670,18140073,46889827,2592632
-1473038263736110079,210766.13,87347.88888888889,88303639,2142,-959204706,10148624,8359384,7247920,7617552,5186184,$SDKMAN_DIR/candidates/java/25.0.4-librca,BellSoft,OpenJDK 64-Bit Server VM,25.0.4+9-LTS,kotlinx,63,80,16,0,1077,1077,998,1014,deserialize,100,169762,670,20260812,27,1,863600,1791024,280792,851240,true,9482210,12664830,21076613,2946962,20536383,18129651,8647441
2173,3.9999478E7,,105775027,2142,-959204706,10290840,10290840,7328528,8415560,5246320,$SDKMAN_DIR/candidates/java/25.0.4-librca,BellSoft,OpenJDK 64-Bit Server VM,25.0.4+9-LTS,gson,198,80,197,,1393,1393,998,1195,serialize,1,169787,671,20260812,27,1,1854848,1792272,1273568,,true,24230539,12507791,39999478,15768939,19333239,24230539,0
59341087977409921,1.26484879E7,314871.0,874584948,2142,-959204706,11940096,10991728,7736064,16353192,5757488,$SDKMAN_DIR/candidates/java/25.0.4-librca,BellSoft,OpenJDK 64-Bit Server VM,25.0.4+9-LTS,fory,446,80,635,62,2141,2079,998,1633,serialize,10,169808,672,20260812,28,1,4601248,1792272,8435808,22008,true,43353811,12493614,126484879,80297229,19313562,46187650,2833839
59341087977409921,1310488.1,163362.22222222222,71404233,2142,-959204706,8722464,8362480,7247920,7617552,5186184,$SDKMAN_DIR/candidates/java/25.0.4-librca,BellSoft,OpenJDK 64-Bit Server VM,25.0.4+9-LTS,kotlinx,69,80,16,0,1083,1083,998,1014,serialize,10,169853,673,20260812,28,1,1037744,1791024,280792,28456,true,8972558,11006693,13104881,2662063,17048427,10442818,1470260
2173,1.11319922E8,,812881014,2142,-959204706,10062872,10062872,7736064,16353192,5757488,$SDKMAN_DIR/candidates/java/25.0.4-librca,BellSoft,OpenJDK 64-Bit Server VM,25.0.4+9-LTS,fory,411,80,635,,2044,2044,998,1633,serialize,1,169875,674,20260812,28,1,4601224,1792272,8435808,,true,40666268,11184879,111319922,70653654,17692266,40666268,0
-7711186731443673343,1251818.14,104170.71717171717,192594988,2142,-959204706,7376920,5952144,7436096,18147344,5210232,$SDKMAN_DIR/candidates/java/25.0.4-librca,BellSoft,OpenJDK 64-Bit Server VM,25.0.4+9-LTS,jackson,282,80,601,27,1908,1881,998,1599,serialize,100,169919,675,20260812,28,1,3464160,1792272,10590848,1126056,true,44868935,11662393,125181814,69999978,18946657,55181836,10312901
2173,3.6945032E7,,98258924,2142,-959204706,10290840,10290840,7328528,8415560,5604264,$SDKMAN_DIR/candidates/java/25.0.4-librca,BellSoft,OpenJDK 64-Bit Server VM,25.0.4+9-LTS,gson,198,80,197,,1393,1393,998,1195,serialize,1,169942,676,20260812,28,1,1854848,1792272,1273568,,true,22614924,11568025,36945032,14330108,17623194,22614924,0
-1473038263736110079,1409868.69,161504.0909090909,206447523,2142,-959204706,11603256,9629696,7436096,18028592,5210232,$SDKMAN_DIR/candidates/java/25.0.4-librca,BellSoft,OpenJDK 64-Bit Server VM,25.0.4+9-LTS,jackson,400,80,601,27,2026,1999,998,1599,deserialize,100,169963,677,20260812,28,1,6925640,1792272,10590720,1608024,true,57846555,11315116,140986869,67151409,19191680,73835460,15988905
-1473038263736110079,220195.49,89673.20202020202,87506210,2142,-959204706,10148624,8359384,7247920,7617552,5186184,$SDKMAN_DIR/candidates/java/25.0.4-librca,BellSoft,OpenJDK 64-Bit Server VM,25.0.4+9-LTS,kotlinx,63,80,16,0,1077,1077,998,1014,deserialize,100,169987,678,20260812,28,1,863600,1791024,280792,851960,true,9511367,11910261,22019549,3630535,19219383,18389014,8877647
2185675431948801,1.27283177E7,316467.3333333333,877327893,2142,-959204706,16068568,13199640,7736064,16353192,5757488,$SDKMAN_DIR/candidates/java/25.0.4-librca,BellSoft,OpenJDK 64-Bit Server VM,25.0.4+9-LTS,fory,549,80,635,53,2235,2182,998,1633,deserialize,10,170012,679,20260812,28,1,5165288,1792272,8435808,38816,true,47304591,12286584,127283177,77130380,19313792,50152797,2848206
2185675431948801,1510264.9,205687.88888888888,75488506,2142,-959204706,9075080,8359384,7247920,7617552,5544128,$SDKMAN_DIR/candidates/java/25.0.4-librca,BellSoft,OpenJDK 64-Bit Server VM,25.0.4+9-LTS,kotlinx,63,80,16,0,1077,1077,998,1014,deserialize,10,170057,680,20260812,28,1,863600,1791024,280792,77856,true,10110399,11257508,15102649,3141059,17570705,11961590,1851191
81,1.2629552E7,,74622556,2142,-959204706,8359384,8359384,7247920,7617552,5186184,$SDKMAN_DIR/candidates/java/25.0.4-librca,BellSoft,OpenJDK 64-Bit Server VM,25.0.4+9-LTS,kotlinx,63,80,16,,1077,1077,998,1014,deserialize,1,170079,681,20260812,28,1,863600,1791024,280792,,true,9601836,12050407,12629552,3027716,18822052,9601836,0
81,4.0923264E7,,106637686,2142,-959204706,10242624,10242624,7328528,8415560,5246320,$SDKMAN_DIR/candidates/java/25.0.4-librca,BellSoft,OpenJDK 64-Bit Server VM,25.0.4+9-LTS,gson,197,80,197,,1392,1392,998,1195,deserialize,1,170101,682,20260812,28,1,1831080,1792272,1273568,,true,25108840,12780699,40923264,15814424,19441642,25108840,0
2173,1.3658507E7,,78010393,2142,-959204706,8362480,8362480,7247920,7617552,5544128,$SDKMAN_DIR/candidates/java/25.0.4-librca,BellSoft,OpenJDK 64-Bit Server VM,25.0.4+9-LTS,kotlinx,69,80,16,,1083,1083,998,1014,serialize,1,170123,683,20260812,28,1,1037744,1791024,280792,,true,10727154,11947452,13658507,2931353,18168766,10727154,0
59341087977409921,1.15946137E7,176940.22222222222,180411358,2142,-959204706,5942784,5942784,7436096,18025680,5568176,$SDKMAN_DIR/candidates/java/25.0.4-librca,BellSoft,OpenJDK 64-Bit Server VM,25.0.4+9-LTS,jackson,282,80,601,2,1883,1881,998,1599,serialize,10,170146,684,20260812,28,1,3464160,1792272,10589760,38536,true,42787488,11242349,115946137,71566187,18051884,44379950,1592462
2173,1.1552971E8,,181669187,2142,-959204706,6131480,6131480,7436096,18147352,5210232,$SDKMAN_DIR/candidates/java/25.0.4-librca,BellSoft,OpenJDK 64-Bit Server VM,25.0.4+9-LTS,jackson,282,80,601,,1881,1881,998,1599,serialize,1,170169,685,20260812,28,1,3464160,1792272,10590656,,true,43047099,12689315,115529710,72482611,18916600,43047099,0
81,1.21946344E8,,868666728,2142,-959204706,12371504,12371504,7736064,16353192,5757488,$SDKMAN_DIR/candidates/java/25.0.4-librca,BellSoft,OpenJDK 64-Bit Server VM,25.0.4+9-LTS,fory,515,80,635,,2148,2148,998,1633,deserialize,1,170191,686,20260812,28,1,5165288,1792272,8435808,,true,49337926,12363909,121946344,72608418,19630550,49337926,0
-7711186731443673343,1389287.56,154815.9797979798,864215006,2142,-959204706,18957120,10530504,7736064,16353192,5757488,$SDKMAN_DIR/candidates/java/25.0.4-librca,BellSoft,OpenJDK 64-Bit Server VM,25.0.4+9-LTS,fory,411,80,635,291,2335,2044,998,1633,serialize,100,170237,687,20260812,28,1,4601504,1792272,8435808,1060208,true,43662674,12860909,138928756,79939300,19983818,58989456,15326782
-1473038263736110079,1406709.88,225664.37373737374,844997172,2142,-959204706,6684304,12805400,7736064,16353192,5757488,$SDKMAN_DIR/candidates/java/25.0.4-librca,BellSoft,OpenJDK 64-Bit Server VM,25.0.4+9-LTS,fory,532,80,635,206,2372,2165,998,1633,deserialize,100,170282,688,20260812,28,1,5165568,1792272,8435808,1289232,true,46651235,11459429,140670988,71678980,19438517,68992008,22340773
-1473038263736110079,623414.03,177401.61616161617,134156260,2142,-959204706,13138440,10242624,7328528,8415560,5246320,$SDKMAN_DIR/candidates/java/25.0.4-librca,BellSoft,OpenJDK 64-Bit Server VM,25.0.4+9-LTS,gson,197,80,197,27,1419,1392,998,1195,deserialize,100,170328,689,20260812,28,1,1831080,1792272,1273568,1934040,true,27409319,13768176,62341403,17369324,21228712,44972079,17562760
-7711186731443673343,208121.45,71752.74747474748,87293938,2142,-959204706,8722464,8362480,7247920,7617552,5186184,$SDKMAN_DIR/candidates/java/25.0.4-librca,BellSoft,OpenJDK 64-Bit Server VM,25.0.4+9-LTS,kotlinx,69,80,16,0,1083,1083,998,1014,serialize,100,170351,690,20260812,28,1,1037744,1791024,280792,303736,true,10522639,12852022,20812145,3185984,19069570,17626161,7103522
2185675431948801,1.63147791E7,337379.0,239348641,2142,-959204706,9836720,9478872,7436096,18150240,5210232,$SDKMAN_DIR/candidates/java/25.0.4-librca,BellSoft,OpenJDK 64-Bit Server VM,25.0.4+9-LTS,jackson,400,80,601,0,1999,1999,998,1599,deserialize,10,170374,691,20260812,28,1,6925640,1792272,10592128,66312,true,72701834,14972120,163147791,87409546,22904221,75738245,3036411
2185675431948801,4347156.0,246002.88888888888,107666239,2142,-959204706,11674024,10242624,7328528,8415560,5604264,$SDKMAN_DIR/candidates/java/25.0.4-librca,BellSoft,OpenJDK 64-Bit Server VM,25.0.4+9-LTS,gson,197,80,197,0,1392,1392,998,1195,deserialize,10,170397,692,20260812,28,1,1831080,1792272,1273568,96696,true,25451286,11969162,43471560,15806248,18637894,27665312,2214026
59341087977409921,4010354.3,169602.88888888888,106003014,2142,-959204706,11366520,10290840,7328528,8415560,5246320,$SDKMAN_DIR/candidates/java/25.0.4-librca,BellSoft,OpenJDK 64-Bit Server VM,25.0.4+9-LTS,gson,198,80,197,0,1393,1393,998,1195,serialize,10,170419,693,20260812,28,1,1854848,1792272,1273568,75888,true,23865609,12266035,40103543,14711508,19365018,25392035,1526426
-7711186731443673343,552101.97,110011.04040404041,125712403,2142,-959204706,12802584,10290840,7328528,8415560,5246320,$SDKMAN_DIR/candidates/java/25.0.4-librca,BellSoft,OpenJDK 64-Bit Server VM,25.0.4+9-LTS,gson,198,80,197,25,1418,1393,998,1195,serialize,100,170440,694,20260812,28,1,1854848,1792272,1273568,1620208,true,25513755,14406261,55210197,18805349,21178326,36404848,10891093
81,1.29806955E8,,194271833,2142,-959204706,9478048,9478048,7436096,18147360,5568176,$SDKMAN_DIR/candidates/java/25.0.4-librca,BellSoft,OpenJDK 64-Bit Server VM,25.0.4+9-LTS,jackson,400,80,601,,1999,1999,998,1599,deserialize,1,170463,695,20260812,28,1,6925640,1792272,10590592,,true,60328176,11948714,129806955,69478779,18949643,60328176,0
-7711186731443673343,1326003.88,135160.8282828283,205347427,2142,-959204706,7733536,6129848,7436096,18147352,5210232,$SDKMAN_DIR/candidates/java/25.0.4-librca,BellSoft,OpenJDK 64-Bit Server VM,25.0.4+9-LTS,jackson,282,80,601,27,1908,1881,998,1599,serialize,100,170486,696,20260812,29,1,3464160,1792272,10590080,1126056,true,44161647,13765669,132600388,75057819,21692870,57542569,13380922
2185675431948801,4243653.4,243531.55555555556,106480516,2142,-959204706,11674024,10242624,7328528,8415560,5246320,$SDKMAN_DIR/candidates/java/25.0.4-librca,BellSoft,OpenJDK 64-Bit Server VM,25.0.4+9-LTS,gson,197,80,197,0,1392,1392,998,1195,deserialize,10,170509,697,20260812,29,1,1831080,1792272,1273568,96696,true,24462908,12324255,42436534,15781842,18238718,26654692,2191784
-7711186731443673343,1373948.72,174693.05050505052,858784612,2142,-959204706,21011792,10668592,7736064,16353192,6115432,$SDKMAN_DIR/candidates/java/25.0.4-librca,BellSoft,OpenJDK 64-Bit Server VM,25.0.4+9-LTS,fory,413,80,635,299,2345,2046,998,1633,serialize,100,170531,698,20260812,29,1,4601224,1792272,8435808,1060688,true,44973111,11322430,137394872,75127149,17603748,62267723,17294612
59341087977409921,1472382.3,173054.11111111112,78048754,2142,-959204706,8722464,8362480,7247920,7617552,5186184,$SDKMAN_DIR/candidates/java/25.0.4-librca,BellSoft,OpenJDK 64-Bit Server VM,25.0.4+9-LTS,kotlinx,69,80,16,0,1083,1083,998,1014,serialize,10,170576,699,20260812,29,1,1037744,1791024,280792,28456,true,10042469,11686679,14723823,3123867,18720419,11599956,1557487
2185675431948801,1.30233581E7,413920.44444444444,853194748,2142,-959204706,17467040,14388056,7736064,16353192,6115432,$SDKMAN_DIR/candidates/java/25.0.4-librca,BellSoft,OpenJDK 64-Bit Server VM,25.0.4+9-LTS,fory,616,80,635,50,2299,2249,998,1633,deserialize,10,170598,700,20260812,29,1,5165424,1792272,8435808,38944,true,50101588,12550913,130233581,76406709,18931407,53826872,3725284
-7711186731443673343,196706.94,63885.14141414141,84989287,2142,-959204706,9080312,8362480,7247920,7617552,5186184,$SDKMAN_DIR/candidates/java/25.0.4-librca,BellSoft,OpenJDK 64-Bit Server VM,25.0.4+9-LTS,kotlinx,69,80,16,0,1083,1083,998,1014,serialize,100,170643,701,20260812,29,1,1037744,1791024,280792,303736,true,10180710,12336127,19670694,3165355,19726291,16505339,6324629
59341087977409921,3939836.0,178322.77777777778,103277619,2142,-959204706,11366520,10290840,7328528,8415560,5604264,$SDKMAN_DIR/candidates/java/25.0.4-librca,BellSoft,OpenJDK 64-Bit Server VM,25.0.4+9-LTS,gson,198,80,197,0,1393,1393,998,1195,serialize,10,170667,702,20260812,29,1,1854848,1792272,1273568,75888,true,22810062,11419052,39398360,14983393,18429969,24414967,1604905
-1473038263736110079,1612317.64,214190.1616161616,225326684,2142,-959204706,11643456,9478288,7436096,18147328,5568176,$SDKMAN_DIR/candidates/java/25.0.4-librca,BellSoft,OpenJDK 64-Bit Server VM,25.0.4+9-LTS,jackson,400,80,601,27,2026,1999,998,1599,deserialize,100,170688,703,20260812,29,1,6925640,1792272,10590592,1608024,true,67420024,11479788,161231764,72606914,18222597,88624850,21204826
81,1.4426529E7,,80933648,2142,-959204706,8359384,8359384,7247920,7617552,5544128,$SDKMAN_DIR/candidates/java/25.0.4-librca,BellSoft,OpenJDK 64-Bit Server VM,25.0.4+9-LTS,kotlinx,63,80,16,,1077,1077,998,1014,deserialize,1,170711,704,20260812,29,1,863600,1791024,280792,,true,11093216,13866790,14426529,3333313,20271622,11093216,0
2185675431948801,1.27712313E7,284811.8888888889,193264125,2142,-959204706,9850440,9492592,7436096,18212784,5568176,$SDKMAN_DIR/candidates/java/25.0.4-librca,BellSoft,OpenJDK 64-Bit Server VM,25.0.4+9-LTS,jackson,400,80,601,0,1999,1999,998,1599,deserialize,10,170732,705,20260812,29,1,6925640,1792272,10591392,66312,true,57865028,11497792,127712313,67283978,18970521,60428335,2563307
81,1.29550388E8,,862204056,2142,-959204706,13859152,13859152,7736064,16353192,5757488,$SDKMAN_DIR/candidates/java/25.0.4-librca,BellSoft,OpenJDK 64-Bit Server VM,25.0.4+9-LTS,fory,588,80,635,,2221,2221,998,1633,deserialize,1,170755,706,20260812,29,1,5167920,1792272,8435808,,true,49124741,12451235,129550388,80425647,22651261,49124741,0
81,3.7057833E7,,102646316,2142,-959204706,10242624,10242624,7328528,8415560,5604264,$SDKMAN_DIR/candidates/java/25.0.4-librca,BellSoft,OpenJDK 64-Bit Server VM,25.0.4+9-LTS,gson,197,80,197,,1392,1392,998,1195,deserialize,1,170801,707,20260812,29,1,1831080,1792272,1273568,,true,22854806,11132950,37057833,14203027,18997965,22854806,0
2185675431948801,1387597.9,218116.88888888888,76786215,2142,-959204706,9075080,8359384,7247920,7617552,5544128,$SDKMAN_DIR/candidates/java/25.0.4-librca,BellSoft,OpenJDK 64-Bit Server VM,25.0.4+9-LTS,kotlinx,63,80,16,0,1077,1077,998,1014,deserialize,10,170823,708,20260812,29,1,863600,1791024,280792,77856,true,9036217,11858714,13875979,2876710,18640908,10999269,1963052
59341087977409921,1.2286213E7,213932.33333333334,187239521,2142,-959204706,6129168,6129168,7436096,18147352,5568176,$SDKMAN_DIR/candidates/java/25.0.4-librca,BellSoft,OpenJDK 64-Bit Server VM,25.0.4+9-LTS,jackson,282,80,601,2,1883,1881,998,1599,serialize,10,170845,709,20260812,29,1,3464160,1792272,10590016,38536,true,45710444,12131632,122862130,75226295,18344276,47635835,1925391
2173,4.245016E7,,113391873,2142,-959204706,10290840,10290840,7328528,8415560,5246320,$SDKMAN_DIR/candidates/java/25.0.4-librca,BellSoft,OpenJDK 64-Bit Server VM,25.0.4+9-LTS,gson,198,80,197,,1393,1393,998,1195,serialize,1,170868,710,20260812,29,1,1854848,1792272,1273568,,true,24734971,13736034,42450160,17715189,21546853,24734971,0
59341087977409921,1.17069897E7,279203.55555555556,845883749,2142,-959204706,10571024,9835576,7736064,16353192,6115432,$SDKMAN_DIR/candidates/java/25.0.4-librca,BellSoft,OpenJDK 64-Bit Server VM,25.0.4+9-LTS,fory,395,80,635,54,2082,2028,998,1633,serialize,10,170890,711,20260812,29,1,4601224,1792272,8435808,21600,true,43824166,11356334,117069897,70732899,17977884,46336998,2512832
-7711186731443673343,504351.39,118842.49494949495,122532557,2142,-959204706,13160432,10290840,7328528,8415560,5246320,$SDKMAN_DIR/candidates/java/25.0.4-librca,BellSoft,OpenJDK 64-Bit Server VM,25.0.4+9-LTS,gson,198,80,197,25,1418,1393,998,1195,serialize,100,170936,712,20260812,29,1,1854848,1792272,1273568,1620040,true,23936653,13532188,50435139,14733079,21486248,35702060,11765407
-1473038263736110079,1481690.93,226780.33333333334,858090225,2142,-959204706,7690616,13312752,7736064,16353192,5757488,$SDKMAN_DIR/candidates/java/25.0.4-librca,BellSoft,OpenJDK 64-Bit Server VM,25.0.4+9-LTS,fory,531,80,635,224,2388,2164,998,1633,deserialize,100,170960,713,20260812,29,1,5165288,1792272,8435808,1289000,true,48746394,12739238,148169093,76971446,19810539,71197647,22451253
2173,1.25174592E8,,900373965,2142,-959204706,9835960,9835960,7736064,16353192,5757488,$SDKMAN_DIR/candidates/java/25.0.4-librca,BellSoft,OpenJDK 64-Bit Server VM,25.0.4+9-LTS,fory,386,80,635,,2019,2019,998,1633,serialize,1,171006,714,20260812,29,1,4601224,1792272,8435808,,true,44982898,12611526,125174592,80191694,20205407,44982898,0
2173,1.15527549E8,,180241135,2142,-959204706,6132488,6132488,7436096,18147352,5210232,$SDKMAN_DIR/candidates/java/25.0.4-librca,BellSoft,OpenJDK 64-Bit Server VM,25.0.4+9-LTS,jackson,282,80,601,,1881,1881,998,1599,serialize,1,171049,715,20260812,29,1,3464160,1792272,10592096,,true,44907815,12087477,115527549,70619734,19049360,44907815,0
-1473038263736110079,200767.12,82638.57575757576,81630293,2142,-959204706,10148624,8359384,7247920,7617552,5186184,$SDKMAN_DIR/candidates/java/25.0.4-librca,BellSoft,OpenJDK 64-Bit Server VM,25.0.4+9-LTS,kotlinx,63,80,16,0,1077,1077,998,1014,deserialize,100,171072,716,20260812,29,1,863600,1791024,280792,851960,true,9045414,11333109,20076712,2850079,17686593,17226633,8181219
2173,1.1652564E7,,70051469,2142,-959204706,8362480,8362480,7247920,7617552,5186184,$SDKMAN_DIR/candidates/java/25.0.4-librca,BellSoft,OpenJDK 64-Bit Server VM,25.0.4+9-LTS,kotlinx,69,80,16,,1083,1083,998,1014,serialize,1,171098,717,20260812,29,1,1037744,1791024,280792,,true,9018384,11054794,11652564,2634180,17182891,9018384,0
81,1.35008325E8,,194349471,2142,-959204706,9656560,9656560,7436096,18147344,5568176,$SDKMAN_DIR/candidates/java/25.0.4-librca,BellSoft,OpenJDK 64-Bit Server VM,25.0.4+9-LTS,jackson,400,80,601,,1999,1999,998,1599,deserialize,1,171119,718,20260812,29,1,6925640,1792272,10590144,,true,64567890,10823616,135008325,70440435,17066321,64567890,0
-1473038263736110079,607272.08,197688.25252525252,122495223,2142,-959204706,13138440,10242624,7328528,8415560,5246320,$SDKMAN_DIR/candidates/java/25.0.4-librca,BellSoft,OpenJDK 64-Bit Server VM,25.0.4+9-LTS,gson,197,80,197,27,1419,1392,998,1195,deserialize,100,171141,719,20260812,29,1,1831080,1792272,1273568,1934040,true,24817617,11248139,60727208,16338454,17495101,44388754,19571137
